time,open,high,low,close,volume,tick_volume,spread
2026-05-29 00:00:00,1.16524,1.16537,1.16522,1.16532,0.0,65.0,0.0
2026-05-29 00:01:00,1.16532,1.16537,1.16529,1.16531,0.0,70.0,0.0
2026-05-29 00:02:00,1.16531,1.16533,1.16523,1.16525,0.0,62.0,0.0
2026-05-29 00:03:00,1.16525,1.16535,1.16523,1.16531,0.0,61.0,0.0
2026-05-29 00:04:00,1.16531,1.16543,1.1653,1.16541,0.0,80.0,0.0
2026-05-29 00:05:00,1.16541,1.16547,1.1654,1.16546,0.0,59.0,0.0
2026-05-29 00:06:00,1.16546,1.16548,1.16541,1.16544,0.0,56.0,0.0
2026-05-29 00:07:00,1.16544,1.16545,1.16535,1.16539,0.0,65.0,0.0
2026-05-29 00:08:00,1.16539,1.16539,1.16536,1.16538,0.0,39.0,0.0
2026-05-29 00:09:00,1.16538,1.16538,1.16526,1.16528,0.0,93.0,0.0
2026-05-29 00:10:00,1.16528,1.16533,1.16522,1.16529,0.0,71.0,0.0
2026-05-29 00:11:00,1.16529,1.16533,1.16527,1.1653,0.0,65.0,0.0
2026-05-29 00:12:00,1.1653,1.16537,1.16525,1.16536,0.0,71.0,0.0
2026-05-29 00:13:00,1.16536,1.16537,1.16533,1.16536,0.0,49.0,0.0
2026-05-29 00:14:00,1.16536,1.16537,1.16534,1.16536,0.0,54.0,0.0
2026-05-29 00:15:00,1.16536,1.16536,1.16522,1.16528,0.0,73.0,0.0
2026-05-29 00:16:00,1.16529,1.1654,1.16527,1.16537,0.0,50.0,0.0
2026-05-29 00:17:00,1.16537,1.16538,1.1653,1.16531,0.0,68.0,0.0
2026-05-29 00:18:00,1.16532,1.16539,1.16531,1.16539,0.0,78.0,0.0
2026-05-29 00:19:00,1.16539,1.16545,1.16538,1.16543,0.0,66.0,0.0
2026-05-29 00:20:00,1.16543,1.16556,1.16543,1.1655,0.0,57.0,0.0
2026-05-29 00:21:00,1.1655,1.1655,1.16545,1.16548,0.0,38.0,0.0
2026-05-29 00:22:00,1.16548,1.16549,1.16544,1.16547,0.0,26.0,0.0
2026-05-29 00:23:00,1.16547,1.16548,1.16545,1.16547,0.0,19.0,0.0
2026-05-29 00:24:00,1.16547,1.16547,1.16541,1.16543,0.0,45.0,0.0
2026-05-29 00:25:00,1.16543,1.16544,1.16534,1.1654,0.0,71.0,0.0
2026-05-29 00:26:00,1.1654,1.16552,1.16539,1.16549,0.0,102.0,0.0
2026-05-29 00:27:00,1.16549,1.1655,1.1654200000000001,1.16545,0.0,50.0,0.0
2026-05-29 00:28:00,1.16545,1.16547,1.16536,1.16538,0.0,46.0,0.0
2026-05-29 00:29:00,1.1654,1.1654200000000001,1.16538,1.16539,0.0,73.0,0.0
2026-05-29 00:30:00,1.16539,1.1654,1.16533,1.16535,0.0,65.0,0.0
2026-05-29 00:31:00,1.16535,1.16535,1.16525,1.16527,0.0,68.0,0.0
2026-05-29 00:32:00,1.16527,1.1653,1.1652,1.16523,0.0,58.0,0.0
2026-05-29 00:33:00,1.16523,1.16527,1.16521,1.16524,0.0,65.0,0.0
2026-05-29 00:34:00,1.16524,1.16524,1.165,1.16503,0.0,69.0,0.0
2026-05-29 00:35:00,1.16503,1.1651,1.16502,1.16509,0.0,36.0,0.0
2026-05-29 00:36:00,1.16509,1.1651,1.165,1.16507,0.0,77.0,0.0
2026-05-29 00:37:00,1.16507,1.16511,1.16504,1.16507,0.0,66.0,0.0
2026-05-29 00:38:00,1.16507,1.16507,1.16499,1.165,0.0,53.0,0.0
2026-05-29 00:39:00,1.16499,1.16507,1.16497,1.16502,0.0,48.0,0.0
2026-05-29 00:40:00,1.16502,1.16506,1.16501,1.16502,0.0,46.0,0.0
2026-05-29 00:41:00,1.16502,1.16503,1.165,1.16503,0.0,51.0,0.0
2026-05-29 00:42:00,1.16502,1.16511,1.16502,1.1651,0.0,67.0,0.0
2026-05-29 00:43:00,1.1651,1.16515,1.1651,1.16513,0.0,44.0,0.0
2026-05-29 00:44:00,1.16513,1.1651799999999999,1.16512,1.16517,0.0,63.0,0.0
2026-05-29 00:45:00,1.16517,1.1651799999999999,1.16509,1.16512,0.0,56.0,0.0
2026-05-29 00:46:00,1.16513,1.16513,1.16509,1.16512,0.0,62.0,0.0
2026-05-29 00:47:00,1.16511,1.16512,1.16505,1.1650800000000001,0.0,63.0,0.0
2026-05-29 00:48:00,1.16509,1.16513,1.16509,1.16512,0.0,46.0,0.0
2026-05-29 00:49:00,1.16512,1.1651799999999999,1.16512,1.16514,0.0,54.0,0.0
2026-05-29 00:50:00,1.16514,1.16517,1.16512,1.16513,0.0,64.0,0.0
2026-05-29 00:51:00,1.16513,1.16517,1.1650800000000001,1.16517,0.0,78.0,0.0
2026-05-29 00:52:00,1.16517,1.16522,1.16513,1.16515,0.0,85.0,0.0
2026-05-29 00:53:00,1.16515,1.1651799999999999,1.1650800000000001,1.16513,0.0,92.0,0.0
2026-05-29 00:54:00,1.16513,1.16515,1.165,1.16501,0.0,43.0,0.0
2026-05-29 00:55:00,1.16501,1.16504,1.1648100000000001,1.16482,0.0,92.0,0.0
2026-05-29 00:56:00,1.16482,1.1648399999999999,1.16479,1.1648,0.0,36.0,0.0
2026-05-29 00:57:00,1.1648,1.1648100000000001,1.16474,1.16477,0.0,44.0,0.0
2026-05-29 00:58:00,1.16477,1.16483,1.16475,1.16482,0.0,65.0,0.0
2026-05-29 00:59:00,1.1648100000000001,1.1649,1.1648100000000001,1.16486,0.0,67.0,0.0
2026-05-29 01:00:00,1.16487,1.16503,1.16487,1.16497,0.0,117.0,0.0
2026-05-29 01:01:00,1.16496,1.16503,1.16491,1.16494,0.0,75.0,0.0
2026-05-29 01:02:00,1.16494,1.16496,1.16487,1.16488,0.0,34.0,0.0
2026-05-29 01:03:00,1.16488,1.16489,1.16478,1.1648399999999999,0.0,65.0,0.0
2026-05-29 01:04:00,1.1648399999999999,1.16494,1.1648399999999999,1.16493,0.0,55.0,0.0
2026-05-29 01:05:00,1.16493,1.16501,1.1649,1.165,0.0,66.0,0.0
2026-05-29 01:06:00,1.165,1.16504,1.16497,1.16504,0.0,44.0,0.0
2026-05-29 01:07:00,1.16503,1.16505,1.16494,1.16498,0.0,69.0,0.0
2026-05-29 01:08:00,1.16496,1.1651799999999999,1.16495,1.16517,0.0,63.0,0.0
2026-05-29 01:09:00,1.16517,1.16539,1.16516,1.16536,0.0,79.0,0.0
2026-05-29 01:10:00,1.16536,1.16552,1.16535,1.1654,0.0,119.0,0.0
2026-05-29 01:11:00,1.1654,1.16546,1.16538,1.1654,0.0,68.0,0.0
2026-05-29 01:12:00,1.1654,1.1656,1.1654,1.16553,0.0,89.0,0.0
2026-05-29 01:13:00,1.16554,1.16558,1.16549,1.1655,0.0,58.0,0.0
2026-05-29 01:14:00,1.1655,1.16554,1.16546,1.16553,0.0,52.0,0.0
2026-05-29 01:15:00,1.16553,1.16565,1.16548,1.16562,0.0,129.0,0.0
2026-05-29 01:16:00,1.16561,1.16562,1.16553,1.16556,0.0,55.0,0.0
2026-05-29 01:17:00,1.16556,1.16557,1.16546,1.16551,0.0,53.0,0.0
2026-05-29 01:18:00,1.16551,1.16561,1.16543,1.16556,0.0,67.0,0.0
2026-05-29 01:19:00,1.16556,1.16561,1.16555,1.16556,0.0,59.0,0.0
2026-05-29 01:20:00,1.16556,1.16563,1.16554,1.16562,0.0,71.0,0.0
2026-05-29 01:21:00,1.16562,1.16567,1.16559,1.1656,0.0,83.0,0.0
2026-05-29 01:22:00,1.16559,1.16564,1.16555,1.16555,0.0,72.0,0.0
2026-05-29 01:23:00,1.16555,1.16563,1.16546,1.16556,0.0,83.0,0.0
2026-05-29 01:24:00,1.16556,1.16557,1.1655,1.16553,0.0,64.0,0.0
2026-05-29 01:25:00,1.16553,1.16555,1.16548,1.16549,0.0,78.0,0.0
2026-05-29 01:26:00,1.16548,1.16554,1.16547,1.16551,0.0,71.0,0.0
2026-05-29 01:27:00,1.16551,1.16559,1.16551,1.16558,0.0,81.0,0.0
2026-05-29 01:28:00,1.16558,1.16558,1.1654200000000001,1.16543,0.0,70.0,0.0
2026-05-29 01:29:00,1.16544,1.16549,1.16535,1.16539,0.0,57.0,0.0
2026-05-29 01:30:00,1.16537,1.1654200000000001,1.16524,1.16531,0.0,102.0,0.0
2026-05-29 01:31:00,1.16531,1.16531,1.16526,1.16526,0.0,51.0,0.0
2026-05-29 01:32:00,1.16528,1.16536,1.16522,1.1653,0.0,86.0,0.0
2026-05-29 01:33:00,1.1653,1.16533,1.16522,1.16522,0.0,81.0,0.0
2026-05-29 01:34:00,1.16522,1.16523,1.16514,1.16516,0.0,69.0,0.0
2026-05-29 01:35:00,1.16515,1.16522,1.16514,1.16515,0.0,75.0,0.0
2026-05-29 01:36:00,1.16515,1.1651799999999999,1.1650800000000001,1.16509,0.0,69.0,0.0
2026-05-29 01:37:00,1.16509,1.16514,1.16509,1.16511,0.0,65.0,0.0
2026-05-29 01:38:00,1.16511,1.16512,1.16509,1.16511,0.0,35.0,0.0
2026-05-29 01:39:00,1.16511,1.16511,1.16494,1.165,0.0,69.0,0.0
2026-05-29 01:40:00,1.165,1.16507,1.16499,1.16505,0.0,150.0,0.0
2026-05-29 01:41:00,1.16504,1.16511,1.16503,1.16505,0.0,87.0,0.0
2026-05-29 01:42:00,1.16504,1.16512,1.16492,1.16512,0.0,60.0,0.0
2026-05-29 01:43:00,1.16512,1.16513,1.165,1.16502,0.0,77.0,0.0
2026-05-29 01:44:00,1.16502,1.16502,1.16495,1.16495,0.0,33.0,0.0
2026-05-29 01:45:00,1.16496,1.16496,1.16479,1.16485,0.0,89.0,0.0
2026-05-29 01:46:00,1.16485,1.16488,1.16467,1.16469,0.0,87.0,0.0
2026-05-29 01:47:00,1.16469,1.16476,1.16464,1.16465,0.0,86.0,0.0
2026-05-29 01:48:00,1.16465,1.16474,1.1646,1.16466,0.0,87.0,0.0
2026-05-29 01:49:00,1.16466,1.16468,1.16453,1.16468,0.0,107.0,0.0
2026-05-29 01:50:00,1.16468,1.1647,1.1646,1.16461,0.0,100.0,0.0
2026-05-29 01:51:00,1.1646,1.16476,1.16459,1.16468,0.0,99.0,0.0
2026-05-29 01:52:00,1.16469,1.16471,1.16458,1.16459,0.0,64.0,0.0
2026-05-29 01:53:00,1.16459,1.16462,1.16454,1.16456,0.0,102.0,0.0
2026-05-29 01:54:00,1.16456,1.16459,1.16454,1.16454,0.0,115.0,0.0
2026-05-29 01:55:00,1.16456,1.16469,1.16453,1.16453,0.0,86.0,0.0
2026-05-29 01:56:00,1.16453,1.16456,1.16435,1.1644,0.0,129.0,0.0
2026-05-29 01:57:00,1.1644,1.16448,1.16439,1.16442,0.0,64.0,0.0
2026-05-29 01:58:00,1.16442,1.16442,1.16433,1.16436,0.0,73.0,0.0
2026-05-29 01:59:00,1.16436,1.16452,1.16436,1.16446,0.0,60.0,0.0
2026-05-29 02:00:00,1.16446,1.16461,1.16446,1.16451,0.0,112.0,0.0
2026-05-29 02:01:00,1.16451,1.1645699999999999,1.16442,1.1644700000000001,0.0,72.0,0.0
2026-05-29 02:02:00,1.16448,1.1645,1.16434,1.16444,0.0,108.0,0.0
2026-05-29 02:03:00,1.16444,1.1645,1.1644,1.16443,0.0,86.0,0.0
2026-05-29 02:04:00,1.16443,1.16448,1.16442,1.16445,0.0,104.0,0.0
2026-05-29 02:05:00,1.16444,1.16464,1.16437,1.16463,0.0,102.0,0.0
2026-05-29 02:06:00,1.16463,1.16463,1.1644700000000001,1.1644700000000001,0.0,42.0,0.0
2026-05-29 02:07:00,1.1644700000000001,1.16448,1.16441,1.1644700000000001,0.0,44.0,0.0
2026-05-29 02:08:00,1.1644700000000001,1.16448,1.16442,1.1644700000000001,0.0,30.0,0.0
2026-05-29 02:09:00,1.16446,1.16449,1.16442,1.16445,0.0,82.0,0.0
2026-05-29 02:10:00,1.1644700000000001,1.16462,1.16444,1.16455,0.0,93.0,0.0
2026-05-29 02:11:00,1.16455,1.16467,1.16455,1.16466,0.0,77.0,0.0
2026-05-29 02:12:00,1.16466,1.16469,1.16464,1.16467,0.0,46.0,0.0
2026-05-29 02:13:00,1.16467,1.16469,1.16465,1.16466,0.0,89.0,0.0
2026-05-29 02:14:00,1.16466,1.16476,1.16464,1.16472,0.0,72.0,0.0
2026-05-29 02:15:00,1.16474,1.16476,1.16469,1.16472,0.0,78.0,0.0
2026-05-29 02:16:00,1.16472,1.16474,1.16469,1.16472,0.0,70.0,0.0
2026-05-29 02:17:00,1.16472,1.16478,1.16469,1.16476,0.0,45.0,0.0
2026-05-29 02:18:00,1.16476,1.16477,1.16467,1.16471,0.0,43.0,0.0
2026-05-29 02:19:00,1.16472,1.16472,1.16468,1.16468,0.0,37.0,0.0
2026-05-29 02:20:00,1.16468,1.16474,1.16465,1.16468,0.0,54.0,0.0
2026-05-29 02:21:00,1.16467,1.16472,1.16467,1.16471,0.0,63.0,0.0
2026-05-29 02:22:00,1.16472,1.16479,1.1647,1.16475,0.0,44.0,0.0
2026-05-29 02:23:00,1.16475,1.16476,1.16467,1.16471,0.0,49.0,0.0
2026-05-29 02:24:00,1.16471,1.16473,1.16468,1.16468,0.0,24.0,0.0
2026-05-29 02:25:00,1.16468,1.16468,1.16463,1.16464,0.0,136.0,0.0
2026-05-29 02:26:00,1.16464,1.16466,1.1646,1.1646,0.0,43.0,0.0
2026-05-29 02:27:00,1.16461,1.16463,1.1645699999999999,1.16461,0.0,39.0,0.0
2026-05-29 02:28:00,1.16463,1.16468,1.16461,1.16462,0.0,97.0,0.0
2026-05-29 02:29:00,1.16462,1.16467,1.16462,1.16465,0.0,72.0,0.0
2026-05-29 02:30:00,1.16465,1.16466,1.16459,1.16462,0.0,33.0,0.0
2026-05-29 02:31:00,1.16462,1.16464,1.16458,1.16458,0.0,34.0,0.0
2026-05-29 02:32:00,1.16459,1.16473,1.1645699999999999,1.16472,0.0,50.0,0.0
2026-05-29 02:33:00,1.16472,1.16476,1.16468,1.16473,0.0,35.0,0.0
2026-05-29 02:34:00,1.16473,1.16476,1.16471,1.16475,0.0,45.0,0.0
2026-05-29 02:35:00,1.16475,1.16478,1.16471,1.16472,0.0,27.0,0.0
2026-05-29 02:36:00,1.16472,1.16473,1.1647,1.16473,0.0,27.0,0.0
2026-05-29 02:37:00,1.16473,1.16474,1.16468,1.16472,0.0,34.0,0.0
2026-05-29 02:38:00,1.16472,1.16485,1.16472,1.16485,0.0,29.0,0.0
2026-05-29 02:39:00,1.16485,1.16485,1.1648100000000001,1.16482,0.0,18.0,0.0
2026-05-29 02:40:00,1.16482,1.16489,1.16482,1.16488,0.0,34.0,0.0
2026-05-29 02:41:00,1.16487,1.16493,1.16487,1.16488,0.0,44.0,0.0
2026-05-29 02:42:00,1.16488,1.16492,1.16485,1.16492,0.0,35.0,0.0
2026-05-29 02:43:00,1.16493,1.16493,1.16487,1.16487,0.0,14.0,0.0
2026-05-29 02:44:00,1.16487,1.16488,1.16483,1.16486,0.0,40.0,0.0
2026-05-29 02:45:00,1.16485,1.16494,1.1648399999999999,1.16491,0.0,50.0,0.0
2026-05-29 02:46:00,1.16491,1.16491,1.16486,1.16489,0.0,38.0,0.0
2026-05-29 02:47:00,1.16488,1.16489,1.1648,1.16483,0.0,63.0,0.0
2026-05-29 02:48:00,1.16483,1.16483,1.16475,1.16482,0.0,55.0,0.0
2026-05-29 02:49:00,1.1648,1.16483,1.16475,1.16476,0.0,67.0,0.0
2026-05-29 02:50:00,1.16476,1.16478,1.16471,1.16474,0.0,52.0,0.0
2026-05-29 02:51:00,1.16474,1.16476,1.16471,1.16472,0.0,48.0,0.0
2026-05-29 02:52:00,1.16471,1.16472,1.16466,1.1647,0.0,43.0,0.0
2026-05-29 02:53:00,1.1647,1.16471,1.16466,1.16467,0.0,33.0,0.0
2026-05-29 02:54:00,1.16467,1.16467,1.16456,1.16458,0.0,39.0,0.0
2026-05-29 02:55:00,1.1646,1.16461,1.16454,1.1645699999999999,0.0,52.0,0.0
2026-05-29 02:56:00,1.16458,1.1646,1.16453,1.16458,0.0,59.0,0.0
2026-05-29 02:57:00,1.1646,1.16462,1.16454,1.16458,0.0,83.0,0.0
2026-05-29 02:58:00,1.16458,1.16459,1.16448,1.16449,0.0,40.0,0.0
2026-05-29 02:59:00,1.16449,1.16454,1.1644700000000001,1.16448,0.0,87.0,0.0
2026-05-29 03:00:00,1.16448,1.16452,1.16443,1.16446,0.0,97.0,0.0
2026-05-29 03:01:00,1.16446,1.16446,1.1644,1.16442,0.0,18.0,0.0
2026-05-29 03:02:00,1.16442,1.16442,1.16422,1.16422,0.0,81.0,0.0
2026-05-29 03:03:00,1.16422,1.16428,1.1642000000000001,1.16425,0.0,52.0,0.0
2026-05-29 03:04:00,1.1642299999999999,1.16438,1.1642299999999999,1.16437,0.0,64.0,0.0
2026-05-29 03:05:00,1.16438,1.16439,1.16427,1.16427,0.0,63.0,0.0
2026-05-29 03:06:00,1.16426,1.16429,1.16424,1.16426,0.0,33.0,0.0
2026-05-29 03:07:00,1.16426,1.16433,1.1642000000000001,1.16432,0.0,44.0,0.0
2026-05-29 03:08:00,1.1643,1.16432,1.1642299999999999,1.1642299999999999,0.0,36.0,0.0
2026-05-29 03:09:00,1.1642299999999999,1.16424,1.16416,1.16418,0.0,39.0,0.0
2026-05-29 03:10:00,1.16418,1.16418,1.16402,1.16406,0.0,86.0,0.0
2026-05-29 03:11:00,1.16406,1.16409,1.16403,1.16405,0.0,92.0,0.0
2026-05-29 03:12:00,1.16405,1.16413,1.16404,1.16409,0.0,52.0,0.0
2026-05-29 03:13:00,1.16409,1.16416,1.16404,1.16413,0.0,44.0,0.0
2026-05-29 03:14:00,1.16413,1.16415,1.16406,1.16406,0.0,42.0,0.0
2026-05-29 03:15:00,1.16406,1.16412,1.16406,1.16408,0.0,87.0,0.0
2026-05-29 03:16:00,1.16409,1.1641,1.16407,1.16409,0.0,40.0,0.0
2026-05-29 03:17:00,1.1641,1.1641,1.16401,1.16403,0.0,40.0,0.0
2026-05-29 03:18:00,1.16403,1.16414,1.16398,1.16413,0.0,77.0,0.0
2026-05-29 03:19:00,1.16413,1.16414,1.16402,1.16408,0.0,55.0,0.0
2026-05-29 03:20:00,1.16408,1.16413,1.16405,1.16408,0.0,52.0,0.0
2026-05-29 03:21:00,1.16408,1.16414,1.16407,1.16411,0.0,45.0,0.0
2026-05-29 03:22:00,1.16411,1.16413,1.16404,1.16408,0.0,58.0,0.0
2026-05-29 03:23:00,1.16408,1.16414,1.16404,1.16414,0.0,65.0,0.0
2026-05-29 03:24:00,1.16414,1.16418,1.16411,1.16412,0.0,25.0,0.0
2026-05-29 03:25:00,1.16411,1.16413,1.16401,1.16406,0.0,50.0,0.0
2026-05-29 03:26:00,1.16406,1.16412,1.16404,1.16412,0.0,65.0,0.0
2026-05-29 03:27:00,1.16412,1.16413,1.16399,1.16401,0.0,40.0,0.0
2026-05-29 03:28:00,1.16401,1.16404,1.16399,1.16402,0.0,46.0,0.0
2026-05-29 03:29:00,1.16402,1.16412,1.16399,1.1641,0.0,66.0,0.0
2026-05-29 03:30:00,1.1641,1.16414,1.16406,1.16406,0.0,58.0,0.0
2026-05-29 03:31:00,1.16406,1.16412,1.16404,1.16412,0.0,46.0,0.0
2026-05-29 03:32:00,1.16412,1.16415,1.16402,1.16404,0.0,47.0,0.0
2026-05-29 03:33:00,1.16404,1.16405,1.16402,1.16405,0.0,20.0,0.0
2026-05-29 03:34:00,1.16405,1.16405,1.16398,1.164,0.0,45.0,0.0
2026-05-29 03:35:00,1.164,1.16403,1.16395,1.16398,0.0,58.0,0.0
2026-05-29 03:36:00,1.16399,1.16399,1.16382,1.16389,0.0,47.0,0.0
2026-05-29 03:37:00,1.16388,1.16391,1.16371,1.16375,0.0,59.0,0.0
2026-05-29 03:38:00,1.16375,1.16377,1.16365,1.16367,0.0,73.0,0.0
2026-05-29 03:39:00,1.16368,1.16376,1.16364,1.16375,0.0,45.0,0.0
2026-05-29 03:40:00,1.16374,1.16375,1.16366,1.16367,0.0,35.0,0.0
2026-05-29 03:41:00,1.16368,1.16368,1.16363,1.16367,0.0,66.0,0.0
2026-05-29 03:42:00,1.16367,1.16373,1.16366,1.1637,0.0,41.0,0.0
2026-05-29 03:43:00,1.16371,1.16378,1.1637,1.16374,0.0,49.0,0.0
2026-05-29 03:44:00,1.16374,1.1638600000000001,1.16374,1.16385,0.0,62.0,0.0
2026-05-29 03:45:00,1.1638600000000001,1.1638600000000001,1.16378,1.16379,0.0,28.0,0.0
2026-05-29 03:46:00,1.16378,1.16387,1.16376,1.1638600000000001,0.0,68.0,0.0
2026-05-29 03:47:00,1.1638600000000001,1.16392,1.16383,1.16389,0.0,50.0,0.0
2026-05-29 03:48:00,1.16389,1.16391,1.1638600000000001,1.16391,0.0,43.0,0.0
2026-05-29 03:49:00,1.16391,1.16391,1.16376,1.16377,0.0,43.0,0.0
2026-05-29 03:50:00,1.16377,1.16378,1.16375,1.16376,0.0,23.0,0.0
2026-05-29 03:51:00,1.16376,1.16381,1.16373,1.16376,0.0,38.0,0.0
2026-05-29 03:52:00,1.16378,1.16381,1.16363,1.16372,0.0,81.0,0.0
2026-05-29 03:53:00,1.16371,1.16378,1.16369,1.16377,0.0,78.0,0.0
2026-05-29 03:54:00,1.16377,1.16379,1.16374,1.16376,0.0,69.0,0.0
2026-05-29 03:55:00,1.16375,1.16377,1.16372,1.16373,0.0,62.0,0.0
2026-05-29 03:56:00,1.16374,1.16376,1.16365,1.1637,0.0,90.0,0.0
2026-05-29 03:57:00,1.1637,1.16371,1.16363,1.16365,0.0,39.0,0.0
2026-05-29 03:58:00,1.16365,1.16372,1.1636,1.16371,0.0,88.0,0.0
2026-05-29 03:59:00,1.16371,1.16374,1.16369,1.16372,0.0,47.0,0.0
2026-05-29 04:00:00,1.16372,1.16387,1.16369,1.16385,0.0,66.0,0.0
2026-05-29 04:01:00,1.16385,1.1639,1.16379,1.1638,0.0,71.0,0.0
2026-05-29 04:02:00,1.1638,1.16391,1.16379,1.16391,0.0,46.0,0.0
2026-05-29 04:03:00,1.16391,1.16392,1.16387,1.1639,0.0,37.0,0.0
2026-05-29 04:04:00,1.1639,1.16392,1.16385,1.16388,0.0,53.0,0.0
2026-05-29 04:05:00,1.16388,1.16388,1.16381,1.16385,0.0,33.0,0.0
2026-05-29 04:06:00,1.16385,1.16388,1.1638,1.16383,0.0,55.0,0.0
2026-05-29 04:07:00,1.16383,1.16388,1.16383,1.16385,0.0,31.0,0.0
2026-05-29 04:08:00,1.16387,1.16393,1.1638600000000001,1.1639,0.0,47.0,0.0
2026-05-29 04:09:00,1.1639,1.16392,1.16387,1.1639,0.0,40.0,0.0
2026-05-29 04:10:00,1.1639,1.16392,1.16388,1.16391,0.0,20.0,0.0
2026-05-29 04:11:00,1.16391,1.16392,1.16385,1.16387,0.0,32.0,0.0
2026-05-29 04:12:00,1.1638600000000001,1.16389,1.16385,1.16388,0.0,21.0,0.0
2026-05-29 04:13:00,1.16388,1.16389,1.16383,1.1638600000000001,0.0,58.0,0.0
2026-05-29 04:14:00,1.1638600000000001,1.16387,1.16377,1.16377,0.0,37.0,0.0
2026-05-29 04:15:00,1.16377,1.16382,1.16374,1.16378,0.0,37.0,0.0
2026-05-29 04:16:00,1.16377,1.16378,1.16371,1.16373,0.0,75.0,0.0
2026-05-29 04:17:00,1.16372,1.16376,1.1635900000000001,1.1636,0.0,85.0,0.0
2026-05-29 04:18:00,1.1636,1.16366,1.1635900000000001,1.16365,0.0,39.0,0.0
2026-05-29 04:19:00,1.16365,1.16369,1.16363,1.16367,0.0,29.0,0.0
2026-05-29 04:20:00,1.16367,1.1637,1.16364,1.16366,0.0,34.0,0.0
2026-05-29 04:21:00,1.16366,1.1637,1.1635900000000001,1.16366,0.0,45.0,0.0
2026-05-29 04:22:00,1.16366,1.16366,1.1636,1.16361,0.0,34.0,0.0
2026-05-29 04:23:00,1.16361,1.16367,1.1635900000000001,1.16367,0.0,63.0,0.0
2026-05-29 04:24:00,1.16367,1.16371,1.16365,1.16367,0.0,43.0,0.0
2026-05-29 04:25:00,1.16367,1.16371,1.16364,1.16367,0.0,35.0,0.0
2026-05-29 04:26:00,1.16367,1.16369,1.1636,1.16361,0.0,44.0,0.0
2026-05-29 04:27:00,1.1636,1.16363,1.16354,1.1635900000000001,0.0,47.0,0.0
2026-05-29 04:28:00,1.1635900000000001,1.1636199999999999,1.16356,1.1635900000000001,0.0,62.0,0.0
2026-05-29 04:29:00,1.16358,1.1636199999999999,1.16355,1.16358,0.0,63.0,0.0
2026-05-29 04:30:00,1.16357,1.1636199999999999,1.16355,1.16357,0.0,60.0,0.0
2026-05-29 04:31:00,1.16356,1.16358,1.16346,1.16351,0.0,59.0,0.0
2026-05-29 04:32:00,1.16351,1.16352,1.16349,1.1635,0.0,35.0,0.0
2026-05-29 04:33:00,1.1635,1.16352,1.16347,1.16351,0.0,30.0,0.0
2026-05-29 04:34:00,1.16351,1.16352,1.16342,1.16346,0.0,27.0,0.0
2026-05-29 04:35:00,1.16346,1.16354,1.16343,1.16346,0.0,52.0,0.0
2026-05-29 04:36:00,1.16346,1.16348,1.16344,1.16348,0.0,22.0,0.0
2026-05-29 04:37:00,1.16348,1.1635,1.16346,1.16349,0.0,30.0,0.0
2026-05-29 04:38:00,1.16349,1.16353,1.16348,1.16352,0.0,61.0,0.0
2026-05-29 04:39:00,1.16352,1.16361,1.16352,1.1635900000000001,0.0,26.0,0.0
2026-05-29 04:40:00,1.1636,1.16369,1.16358,1.16367,0.0,49.0,0.0
2026-05-29 04:41:00,1.16367,1.16369,1.16365,1.16367,0.0,32.0,0.0
2026-05-29 04:42:00,1.16367,1.16374,1.16367,1.16374,0.0,36.0,0.0
2026-05-29 04:43:00,1.16374,1.16391,1.16374,1.16389,0.0,53.0,0.0
2026-05-29 04:44:00,1.16389,1.16394,1.16385,1.16388,0.0,41.0,0.0
2026-05-29 04:45:00,1.16389,1.16391,1.1638600000000001,1.1638600000000001,0.0,28.0,0.0
2026-05-29 04:46:00,1.1638600000000001,1.16389,1.16382,1.1638600000000001,0.0,49.0,0.0
2026-05-29 04:47:00,1.1638600000000001,1.16388,1.16384,1.1638600000000001,0.0,20.0,0.0
2026-05-29 04:48:00,1.1638600000000001,1.16393,1.1638,1.16389,0.0,41.0,0.0
2026-05-29 04:49:00,1.16389,1.16389,1.16381,1.16381,0.0,35.0,0.0
2026-05-29 04:50:00,1.16381,1.16382,1.16371,1.16373,0.0,24.0,0.0
2026-05-29 04:51:00,1.16372,1.16376,1.1637,1.16371,0.0,38.0,0.0
2026-05-29 04:52:00,1.16371,1.16375,1.16367,1.16371,0.0,36.0,0.0
2026-05-29 04:53:00,1.16371,1.16384,1.16371,1.16384,0.0,32.0,0.0
2026-05-29 04:54:00,1.16384,1.16388,1.16383,1.1638600000000001,0.0,25.0,0.0
2026-05-29 04:55:00,1.16385,1.16387,1.16377,1.1638,0.0,59.0,0.0
2026-05-29 04:56:00,1.1638,1.1639,1.16375,1.16388,0.0,28.0,0.0
2026-05-29 04:57:00,1.16388,1.16391,1.16385,1.1638600000000001,0.0,68.0,0.0
2026-05-29 04:58:00,1.16387,1.16388,1.16385,1.1638600000000001,0.0,29.0,0.0
2026-05-29 04:59:00,1.1638600000000001,1.16393,1.16385,1.16392,0.0,42.0,0.0
2026-05-29 05:00:00,1.16393,1.16397,1.16385,1.16387,0.0,54.0,0.0
2026-05-29 05:01:00,1.16387,1.16393,1.1638600000000001,1.16387,0.0,40.0,0.0
2026-05-29 05:02:00,1.16387,1.16388,1.16382,1.16387,0.0,65.0,0.0
2026-05-29 05:03:00,1.16387,1.16388,1.16382,1.16388,0.0,53.0,0.0
2026-05-29 05:04:00,1.16388,1.16391,1.16381,1.16385,0.0,46.0,0.0
2026-05-29 05:05:00,1.16385,1.16391,1.16383,1.16389,0.0,58.0,0.0
2026-05-29 05:06:00,1.16389,1.16392,1.1638600000000001,1.16391,0.0,33.0,0.0
2026-05-29 05:07:00,1.16391,1.1639599999999999,1.1639,1.16394,0.0,28.0,0.0
2026-05-29 05:08:00,1.16394,1.16403,1.16394,1.16401,0.0,47.0,0.0
2026-05-29 05:09:00,1.16402,1.16412,1.16401,1.16405,0.0,59.0,0.0
2026-05-29 05:10:00,1.16405,1.16412,1.16404,1.16411,0.0,28.0,0.0
2026-05-29 05:11:00,1.16411,1.16417,1.1641,1.16417,0.0,27.0,0.0
2026-05-29 05:12:00,1.16417,1.16419,1.16412,1.16416,0.0,66.0,0.0
2026-05-29 05:13:00,1.16416,1.1642000000000001,1.16411,1.16415,0.0,55.0,0.0
2026-05-29 05:14:00,1.16417,1.16427,1.16415,1.16425,0.0,44.0,0.0
2026-05-29 05:15:00,1.1642299999999999,1.16425,1.16419,1.16424,0.0,52.0,0.0
2026-05-29 05:16:00,1.16424,1.16424,1.1642000000000001,1.16421,0.0,35.0,0.0
2026-05-29 05:17:00,1.16421,1.16422,1.16416,1.1642000000000001,0.0,42.0,0.0
2026-05-29 05:18:00,1.1642000000000001,1.16434,1.1642000000000001,1.16432,0.0,55.0,0.0
2026-05-29 05:19:00,1.16432,1.16437,1.16428,1.16435,0.0,55.0,0.0
2026-05-29 05:20:00,1.16435,1.16438,1.16429,1.1643,0.0,42.0,0.0
2026-05-29 05:21:00,1.1643,1.16432,1.16429,1.16431,0.0,37.0,0.0
2026-05-29 05:22:00,1.16431,1.16433,1.16428,1.1643,0.0,60.0,0.0
2026-05-29 05:23:00,1.16429,1.16432,1.1642000000000001,1.16422,0.0,78.0,0.0
2026-05-29 05:24:00,1.1642000000000001,1.16426,1.16418,1.16421,0.0,65.0,0.0
2026-05-29 05:25:00,1.16421,1.16425,1.1642000000000001,1.1642299999999999,0.0,73.0,0.0
2026-05-29 05:26:00,1.16424,1.16428,1.1642000000000001,1.16424,0.0,37.0,0.0
2026-05-29 05:27:00,1.16422,1.16425,1.16416,1.16416,0.0,58.0,0.0
2026-05-29 05:28:00,1.16416,1.16421,1.16414,1.16418,0.0,36.0,0.0
2026-05-29 05:29:00,1.16418,1.16419,1.16412,1.16416,0.0,31.0,0.0
2026-05-29 05:30:00,1.16416,1.16419,1.16414,1.16418,0.0,44.0,0.0
2026-05-29 05:31:00,1.16418,1.16419,1.1641,1.1641,0.0,61.0,0.0
2026-05-29 05:32:00,1.16411,1.16417,1.1641,1.16417,0.0,45.0,0.0
2026-05-29 05:33:00,1.16416,1.16419,1.16415,1.16417,0.0,33.0,0.0
2026-05-29 05:34:00,1.16417,1.16425,1.16416,1.16417,0.0,52.0,0.0
2026-05-29 05:35:00,1.16418,1.16418,1.16403,1.16403,0.0,42.0,0.0
2026-05-29 05:36:00,1.16402,1.16408,1.16397,1.16408,0.0,40.0,0.0
2026-05-29 05:37:00,1.16408,1.16412,1.16407,1.16411,0.0,32.0,0.0
2026-05-29 05:38:00,1.16411,1.16411,1.16403,1.16406,0.0,102.0,0.0
2026-05-29 05:39:00,1.16406,1.16407,1.16399,1.16401,0.0,60.0,0.0
2026-05-29 05:40:00,1.16401,1.16408,1.16399,1.16405,0.0,72.0,0.0
2026-05-29 05:41:00,1.16405,1.16405,1.1639599999999999,1.16398,0.0,48.0,0.0
2026-05-29 05:42:00,1.16398,1.16408,1.16395,1.16406,0.0,46.0,0.0
2026-05-29 05:43:00,1.16406,1.16408,1.16398,1.164,0.0,42.0,0.0
2026-05-29 05:44:00,1.164,1.16407,1.16397,1.16402,0.0,40.0,0.0
2026-05-29 05:45:00,1.16401,1.16408,1.164,1.16406,0.0,58.0,0.0
2026-05-29 05:46:00,1.16406,1.16408,1.16402,1.16402,0.0,48.0,0.0
2026-05-29 05:47:00,1.16402,1.16408,1.16401,1.16402,0.0,71.0,0.0
2026-05-29 05:48:00,1.16402,1.16403,1.16398,1.164,0.0,46.0,0.0
2026-05-29 05:49:00,1.164,1.16403,1.16398,1.16401,0.0,52.0,0.0
2026-05-29 05:50:00,1.16402,1.16404,1.16395,1.16403,0.0,92.0,0.0
2026-05-29 05:51:00,1.16403,1.16412,1.16401,1.16412,0.0,31.0,0.0
2026-05-29 05:52:00,1.16413,1.16418,1.16409,1.16418,0.0,43.0,0.0
2026-05-29 05:53:00,1.16418,1.16418,1.16412,1.16414,0.0,26.0,0.0
2026-05-29 05:54:00,1.16414,1.16414,1.16408,1.16412,0.0,55.0,0.0
2026-05-29 05:55:00,1.16412,1.16428,1.1641,1.16422,0.0,52.0,0.0
2026-05-29 05:56:00,1.16422,1.16429,1.16422,1.16427,0.0,68.0,0.0
2026-05-29 05:57:00,1.16428,1.16428,1.16415,1.1642000000000001,0.0,49.0,0.0
2026-05-29 05:58:00,1.1642000000000001,1.1642299999999999,1.16418,1.16422,0.0,38.0,0.0
2026-05-29 05:59:00,1.16422,1.1642299999999999,1.16418,1.1642299999999999,0.0,72.0,0.0
2026-05-29 06:00:00,1.1642299999999999,1.1644,1.16421,1.16438,0.0,176.0,0.0
2026-05-29 06:01:00,1.16438,1.16443,1.16435,1.16442,0.0,119.0,0.0
2026-05-29 06:02:00,1.16442,1.16453,1.16438,1.16449,0.0,101.0,0.0
2026-05-29 06:03:00,1.16449,1.16454,1.16442,1.16442,0.0,107.0,0.0
2026-05-29 06:04:00,1.16441,1.1644700000000001,1.16434,1.16444,0.0,89.0,0.0
2026-05-29 06:05:00,1.16444,1.1645,1.16442,1.16443,0.0,74.0,0.0
2026-05-29 06:06:00,1.16443,1.1644700000000001,1.16439,1.1644700000000001,0.0,58.0,0.0
2026-05-29 06:07:00,1.1644700000000001,1.1646,1.16446,1.16455,0.0,77.0,0.0
2026-05-29 06:08:00,1.16456,1.16462,1.16453,1.16456,0.0,64.0,0.0
2026-05-29 06:09:00,1.16456,1.16458,1.16446,1.16448,0.0,117.0,0.0
2026-05-29 06:10:00,1.16448,1.16458,1.16446,1.16454,0.0,121.0,0.0
2026-05-29 06:11:00,1.16454,1.16458,1.16451,1.1645699999999999,0.0,74.0,0.0
2026-05-29 06:12:00,1.16456,1.16464,1.16454,1.16464,0.0,78.0,0.0
2026-05-29 06:13:00,1.16464,1.16465,1.16453,1.1646,0.0,84.0,0.0
2026-05-29 06:14:00,1.1646,1.1648,1.16458,1.16477,0.0,113.0,0.0
2026-05-29 06:15:00,1.16477,1.16478,1.16462,1.16463,0.0,65.0,0.0
2026-05-29 06:16:00,1.16463,1.16469,1.16462,1.16466,0.0,76.0,0.0
2026-05-29 06:17:00,1.16466,1.1647,1.16463,1.16467,0.0,81.0,0.0
2026-05-29 06:18:00,1.16466,1.16471,1.16464,1.16468,0.0,65.0,0.0
2026-05-29 06:19:00,1.16468,1.16473,1.16464,1.16467,0.0,50.0,0.0
2026-05-29 06:20:00,1.16467,1.1647,1.16462,1.16469,0.0,45.0,0.0
2026-05-29 06:21:00,1.16469,1.16469,1.16455,1.1646,0.0,76.0,0.0
2026-05-29 06:22:00,1.1646,1.16477,1.1645699999999999,1.16472,0.0,132.0,0.0
2026-05-29 06:23:00,1.16472,1.16476,1.16466,1.16475,0.0,101.0,0.0
2026-05-29 06:24:00,1.16474,1.16478,1.16467,1.1647,0.0,96.0,0.0
2026-05-29 06:25:00,1.1647,1.16477,1.16459,1.16461,0.0,127.0,0.0
2026-05-29 06:26:00,1.16461,1.16462,1.16451,1.16459,0.0,152.0,0.0
2026-05-29 06:27:00,1.16458,1.16465,1.16453,1.16464,0.0,115.0,0.0
2026-05-29 06:28:00,1.16464,1.1647,1.1645699999999999,1.1646,0.0,83.0,0.0
2026-05-29 06:29:00,1.1646,1.16462,1.16452,1.16455,0.0,76.0,0.0
2026-05-29 06:30:00,1.16455,1.16473,1.1645,1.16469,0.0,109.0,0.0
2026-05-29 06:31:00,1.16469,1.16493,1.16469,1.16493,0.0,155.0,0.0
2026-05-29 06:32:00,1.16493,1.16502,1.1648399999999999,1.16486,0.0,116.0,0.0
2026-05-29 06:33:00,1.16485,1.16488,1.16475,1.16488,0.0,82.0,0.0
2026-05-29 06:34:00,1.16488,1.16491,1.16476,1.16476,0.0,85.0,0.0
2026-05-29 06:35:00,1.16476,1.1648399999999999,1.16476,1.16477,0.0,90.0,0.0
2026-05-29 06:36:00,1.16477,1.16482,1.1647,1.16475,0.0,79.0,0.0
2026-05-29 06:37:00,1.16475,1.1648399999999999,1.16471,1.16483,0.0,68.0,0.0
2026-05-29 06:38:00,1.16483,1.16493,1.16482,1.16485,0.0,83.0,0.0
2026-05-29 06:39:00,1.16485,1.16495,1.16483,1.16493,0.0,74.0,0.0
2026-05-29 06:40:00,1.16494,1.16494,1.16479,1.1648100000000001,0.0,91.0,0.0
2026-05-29 06:41:00,1.1648100000000001,1.16489,1.16474,1.1648100000000001,0.0,75.0,0.0
2026-05-29 06:42:00,1.1648100000000001,1.16496,1.1648100000000001,1.1649,0.0,71.0,0.0
2026-05-29 06:43:00,1.1649,1.16496,1.16483,1.1648399999999999,0.0,53.0,0.0
2026-05-29 06:44:00,1.1648399999999999,1.16498,1.16482,1.16495,0.0,88.0,0.0
2026-05-29 06:45:00,1.16498,1.16499,1.16488,1.16491,0.0,101.0,0.0
2026-05-29 06:46:00,1.1649,1.1650800000000001,1.1649,1.1650800000000001,0.0,91.0,0.0
2026-05-29 06:47:00,1.1650800000000001,1.16528,1.16505,1.16517,0.0,127.0,0.0
2026-05-29 06:48:00,1.16517,1.1651799999999999,1.16505,1.16511,0.0,72.0,0.0
2026-05-29 06:49:00,1.16511,1.1651799999999999,1.16505,1.1650800000000001,0.0,95.0,0.0
2026-05-29 06:50:00,1.1650800000000001,1.16509,1.16494,1.16504,0.0,92.0,0.0
2026-05-29 06:51:00,1.16504,1.1651,1.16499,1.16505,0.0,67.0,0.0
2026-05-29 06:52:00,1.16505,1.1650800000000001,1.16501,1.16502,0.0,52.0,0.0
2026-05-29 06:53:00,1.16501,1.1650800000000001,1.16501,1.16506,0.0,67.0,0.0
2026-05-29 06:54:00,1.16507,1.16513,1.16499,1.1650800000000001,0.0,95.0,0.0
2026-05-29 06:55:00,1.16507,1.16526,1.16505,1.16526,0.0,102.0,0.0
2026-05-29 06:56:00,1.16526,1.16533,1.16523,1.16525,0.0,97.0,0.0
2026-05-29 06:57:00,1.16525,1.16532,1.16523,1.16531,0.0,96.0,0.0
2026-05-29 06:58:00,1.16532,1.1654200000000001,1.16531,1.1654200000000001,0.0,143.0,0.0
2026-05-29 06:59:00,1.1654200000000001,1.16544,1.16534,1.16534,0.0,111.0,0.0
2026-05-29 07:00:00,1.16533,1.16535,1.1651,1.16514,0.0,124.0,0.0
2026-05-29 07:01:00,1.16513,1.1651799999999999,1.16509,1.16512,0.0,68.0,0.0
2026-05-29 07:02:00,1.16512,1.16521,1.16502,1.1651799999999999,0.0,105.0,0.0
2026-05-29 07:03:00,1.1651799999999999,1.16525,1.16515,1.16516,0.0,55.0,0.0
2026-05-29 07:04:00,1.16516,1.16523,1.1650800000000001,1.16512,0.0,80.0,0.0
2026-05-29 07:05:00,1.16512,1.16525,1.1650800000000001,1.16524,0.0,87.0,0.0
2026-05-29 07:06:00,1.16525,1.16526,1.16513,1.16524,0.0,123.0,0.0
2026-05-29 07:07:00,1.16524,1.16532,1.16521,1.16521,0.0,113.0,0.0
2026-05-29 07:08:00,1.16521,1.16525,1.16502,1.16502,0.0,53.0,0.0
2026-05-29 07:09:00,1.16502,1.16513,1.16496,1.16502,0.0,85.0,0.0
2026-05-29 07:10:00,1.16502,1.16513,1.16499,1.16499,0.0,66.0,0.0
2026-05-29 07:11:00,1.16501,1.16507,1.16498,1.16506,0.0,59.0,0.0
2026-05-29 07:12:00,1.16505,1.1651799999999999,1.16495,1.16503,0.0,107.0,0.0
2026-05-29 07:13:00,1.16503,1.16503,1.16494,1.16494,0.0,110.0,0.0
2026-05-29 07:14:00,1.16495,1.165,1.1648399999999999,1.16491,0.0,137.0,0.0
2026-05-29 07:15:00,1.1649,1.16493,1.16477,1.16488,0.0,140.0,0.0
2026-05-29 07:16:00,1.16487,1.16487,1.1648,1.16486,0.0,103.0,0.0
2026-05-29 07:17:00,1.1648399999999999,1.165,1.16483,1.16499,0.0,91.0,0.0
2026-05-29 07:18:00,1.16498,1.1650800000000001,1.16489,1.16493,0.0,91.0,0.0
2026-05-29 07:19:00,1.16493,1.16497,1.16486,1.16496,0.0,104.0,0.0
2026-05-29 07:20:00,1.16496,1.16503,1.16492,1.16502,0.0,127.0,0.0
2026-05-29 07:21:00,1.16502,1.16502,1.16493,1.16495,0.0,107.0,0.0
2026-05-29 07:22:00,1.16495,1.16496,1.16479,1.16483,0.0,126.0,0.0
2026-05-29 07:23:00,1.1648100000000001,1.16487,1.1646,1.1646,0.0,138.0,0.0
2026-05-29 07:24:00,1.16461,1.16461,1.16437,1.16439,0.0,136.0,0.0
2026-05-29 07:25:00,1.1644,1.1644,1.16417,1.1642000000000001,0.0,179.0,0.0
2026-05-29 07:26:00,1.1642000000000001,1.16426,1.16414,1.16425,0.0,153.0,0.0
2026-05-29 07:27:00,1.16425,1.16432,1.16422,1.16427,0.0,85.0,0.0
2026-05-29 07:28:00,1.16427,1.16434,1.16421,1.16432,0.0,88.0,0.0
2026-05-29 07:29:00,1.16432,1.16443,1.16432,1.16436,0.0,88.0,0.0
2026-05-29 07:30:00,1.16436,1.16438,1.16409,1.16415,0.0,100.0,0.0
2026-05-29 07:31:00,1.16415,1.16424,1.16412,1.16422,0.0,77.0,0.0
2026-05-29 07:32:00,1.16422,1.16438,1.16422,1.16436,0.0,89.0,0.0
2026-05-29 07:33:00,1.16434,1.16438,1.16426,1.16432,0.0,58.0,0.0
2026-05-29 07:34:00,1.16432,1.16445,1.16431,1.16445,0.0,52.0,0.0
2026-05-29 07:35:00,1.16445,1.16446,1.16434,1.16436,0.0,76.0,0.0
2026-05-29 07:36:00,1.16436,1.1644,1.16406,1.16415,0.0,158.0,0.0
2026-05-29 07:37:00,1.16415,1.1643,1.16409,1.16412,0.0,155.0,0.0
2026-05-29 07:38:00,1.16414,1.16417,1.16409,1.16411,0.0,69.0,0.0
2026-05-29 07:39:00,1.16412,1.16412,1.1638,1.16382,0.0,130.0,0.0
2026-05-29 07:40:00,1.16381,1.16392,1.16381,1.16388,0.0,100.0,0.0
2026-05-29 07:41:00,1.16388,1.16397,1.16377,1.1639599999999999,0.0,111.0,0.0
2026-05-29 07:42:00,1.16397,1.16399,1.16391,1.1639599999999999,0.0,84.0,0.0
2026-05-29 07:43:00,1.16395,1.16413,1.16395,1.16409,0.0,130.0,0.0
2026-05-29 07:44:00,1.16408,1.16438,1.16408,1.16435,0.0,123.0,0.0
2026-05-29 07:45:00,1.16434,1.16448,1.16434,1.16446,0.0,62.0,0.0
2026-05-29 07:46:00,1.16446,1.16446,1.1643,1.16432,0.0,53.0,0.0
2026-05-29 07:47:00,1.16432,1.16435,1.16422,1.16429,0.0,86.0,0.0
2026-05-29 07:48:00,1.16428,1.16429,1.16406,1.1641,0.0,136.0,0.0
2026-05-29 07:49:00,1.1641,1.16412,1.16402,1.16404,0.0,48.0,0.0
2026-05-29 07:50:00,1.16404,1.16429,1.16404,1.16425,0.0,80.0,0.0
2026-05-29 07:51:00,1.16425,1.16425,1.16418,1.1642000000000001,0.0,55.0,0.0
2026-05-29 07:52:00,1.1642000000000001,1.16421,1.16409,1.1641,0.0,44.0,0.0
2026-05-29 07:53:00,1.1641,1.16413,1.16401,1.16401,0.0,24.0,0.0
2026-05-29 07:54:00,1.16402,1.16403,1.16397,1.16402,0.0,37.0,0.0
2026-05-29 07:55:00,1.16402,1.16426,1.16402,1.16413,0.0,91.0,0.0
2026-05-29 07:56:00,1.1641,1.16424,1.16404,1.1642299999999999,0.0,76.0,0.0
2026-05-29 07:57:00,1.1642299999999999,1.16424,1.1641,1.16413,0.0,55.0,0.0
2026-05-29 07:58:00,1.16413,1.16426,1.16413,1.16422,0.0,75.0,0.0
2026-05-29 07:59:00,1.16422,1.16424,1.16417,1.1642000000000001,0.0,106.0,0.0
2026-05-29 08:00:00,1.1642000000000001,1.1642000000000001,1.1635900000000001,1.16361,0.0,259.0,0.0
2026-05-29 08:01:00,1.16361,1.1638,1.16353,1.1638,0.0,162.0,0.0
2026-05-29 08:02:00,1.1638,1.16395,1.16368,1.16372,0.0,102.0,0.0
2026-05-29 08:03:00,1.16372,1.16388,1.1637,1.16374,0.0,162.0,0.0
2026-05-29 08:04:00,1.16374,1.16374,1.16358,1.16365,0.0,61.0,0.0
2026-05-29 08:05:00,1.16365,1.1638,1.16365,1.16369,0.0,130.0,0.0
2026-05-29 08:06:00,1.16369,1.16373,1.16351,1.16357,0.0,78.0,0.0
2026-05-29 08:07:00,1.16357,1.16358,1.16341,1.16344,0.0,136.0,0.0
2026-05-29 08:08:00,1.16344,1.16358,1.16341,1.16347,0.0,131.0,0.0
2026-05-29 08:09:00,1.16347,1.16357,1.16341,1.16349,0.0,105.0,0.0
2026-05-29 08:10:00,1.16349,1.16355,1.16345,1.1635,0.0,135.0,0.0
2026-05-29 08:11:00,1.1635,1.16357,1.16346,1.16351,0.0,116.0,0.0
2026-05-29 08:12:00,1.16351,1.1635900000000001,1.1635,1.16357,0.0,88.0,0.0
2026-05-29 08:13:00,1.16357,1.16358,1.16343,1.16351,0.0,86.0,0.0
2026-05-29 08:14:00,1.16351,1.16354,1.16349,1.16353,0.0,59.0,0.0
2026-05-29 08:15:00,1.16352,1.16356,1.16337,1.16339,0.0,109.0,0.0
2026-05-29 08:16:00,1.1634,1.16366,1.1634,1.16363,0.0,99.0,0.0
2026-05-29 08:17:00,1.16363,1.1637,1.16356,1.16356,0.0,119.0,0.0
2026-05-29 08:18:00,1.16356,1.16363,1.16355,1.16361,0.0,57.0,0.0
2026-05-29 08:19:00,1.1636199999999999,1.16367,1.16357,1.16364,0.0,76.0,0.0
2026-05-29 08:20:00,1.16365,1.16367,1.16356,1.16357,0.0,79.0,0.0
2026-05-29 08:21:00,1.16357,1.16365,1.16349,1.16364,0.0,97.0,0.0
2026-05-29 08:22:00,1.16364,1.16367,1.1636,1.16365,0.0,95.0,0.0
2026-05-29 08:23:00,1.16366,1.16374,1.16363,1.16367,0.0,80.0,0.0
2026-05-29 08:24:00,1.16366,1.16373,1.16363,1.16366,0.0,64.0,0.0
2026-05-29 08:25:00,1.16366,1.16372,1.16366,1.1637,0.0,73.0,0.0
2026-05-29 08:26:00,1.1637,1.1637,1.16352,1.16367,0.0,93.0,0.0
2026-05-29 08:27:00,1.16367,1.16383,1.16367,1.16377,0.0,71.0,0.0
2026-05-29 08:28:00,1.16377,1.16382,1.16371,1.16378,0.0,111.0,0.0
2026-05-29 08:29:00,1.16378,1.16391,1.16377,1.16389,0.0,76.0,0.0
2026-05-29 08:30:00,1.16389,1.16395,1.16379,1.16379,0.0,95.0,0.0
2026-05-29 08:31:00,1.16379,1.16388,1.16372,1.16384,0.0,90.0,0.0
2026-05-29 08:32:00,1.16384,1.16399,1.16384,1.16387,0.0,88.0,0.0
2026-05-29 08:33:00,1.16387,1.1639,1.16378,1.16381,0.0,75.0,0.0
2026-05-29 08:34:00,1.16381,1.16392,1.16381,1.16388,0.0,37.0,0.0
2026-05-29 08:35:00,1.16388,1.16393,1.16385,1.16387,0.0,110.0,0.0
2026-05-29 08:36:00,1.16387,1.1639,1.16376,1.16382,0.0,88.0,0.0
2026-05-29 08:37:00,1.16382,1.1638600000000001,1.16376,1.16378,0.0,84.0,0.0
2026-05-29 08:38:00,1.16378,1.16378,1.1635900000000001,1.16365,0.0,72.0,0.0
2026-05-29 08:39:00,1.16364,1.16371,1.16357,1.16371,0.0,114.0,0.0
2026-05-29 08:40:00,1.16371,1.16378,1.16364,1.16364,0.0,64.0,0.0
2026-05-29 08:41:00,1.16364,1.16383,1.16364,1.16383,0.0,97.0,0.0
2026-05-29 08:42:00,1.16383,1.16384,1.16371,1.16373,0.0,76.0,0.0
2026-05-29 08:43:00,1.16373,1.16373,1.16358,1.16364,0.0,116.0,0.0
2026-05-29 08:44:00,1.16364,1.16375,1.1636199999999999,1.16373,0.0,98.0,0.0
2026-05-29 08:45:00,1.16372,1.16375,1.16349,1.16353,0.0,102.0,0.0
2026-05-29 08:46:00,1.16353,1.16354,1.16338,1.16341,0.0,124.0,0.0
2026-05-29 08:47:00,1.1634,1.16346,1.16336,1.16343,0.0,108.0,0.0
2026-05-29 08:48:00,1.16343,1.16348,1.1633499999999999,1.16338,0.0,111.0,0.0
2026-05-29 08:49:00,1.16338,1.16338,1.16314,1.16316,0.0,103.0,0.0
2026-05-29 08:50:00,1.16317,1.16319,1.16275,1.16276,0.0,171.0,0.0
2026-05-29 08:51:00,1.16276,1.163,1.16275,1.16291,0.0,134.0,0.0
2026-05-29 08:52:00,1.16291,1.16302,1.16285,1.16302,0.0,84.0,0.0
2026-05-29 08:53:00,1.16303,1.16305,1.16289,1.16291,0.0,95.0,0.0
2026-05-29 08:54:00,1.16292,1.163,1.16275,1.16277,0.0,114.0,0.0
2026-05-29 08:55:00,1.16277,1.16282,1.16253,1.16258,0.0,123.0,0.0
2026-05-29 08:56:00,1.16258,1.16262,1.1625,1.16259,0.0,144.0,0.0
2026-05-29 08:57:00,1.16259,1.16261,1.16252,1.16254,0.0,97.0,0.0
2026-05-29 08:58:00,1.16254,1.16271,1.16251,1.16263,0.0,118.0,0.0
2026-05-29 08:59:00,1.16262,1.16283,1.16259,1.16282,0.0,125.0,0.0
2026-05-29 09:00:00,1.16283,1.16286,1.16273,1.16278,0.0,52.0,0.0
2026-05-29 09:01:00,1.16278,1.16288,1.1626400000000001,1.16287,0.0,108.0,0.0
2026-05-29 09:02:00,1.16287,1.16297,1.16285,1.16294,0.0,132.0,0.0
2026-05-29 09:03:00,1.16295,1.16327,1.1629,1.16326,0.0,152.0,0.0
2026-05-29 09:04:00,1.16328,1.16331,1.16318,1.16328,0.0,125.0,0.0
2026-05-29 09:05:00,1.16328,1.16334,1.1632500000000001,1.16334,0.0,73.0,0.0
2026-05-29 09:06:00,1.16333,1.16338,1.16326,1.16331,0.0,113.0,0.0
2026-05-29 09:07:00,1.16331,1.16344,1.16329,1.1634,0.0,105.0,0.0
2026-05-29 09:08:00,1.1634,1.1634,1.16329,1.16331,0.0,91.0,0.0
2026-05-29 09:09:00,1.16331,1.16339,1.16329,1.16331,0.0,102.0,0.0
2026-05-29 09:10:00,1.16331,1.16353,1.1633,1.16348,0.0,118.0,0.0
2026-05-29 09:11:00,1.16348,1.16355,1.16342,1.1635,0.0,114.0,0.0
2026-05-29 09:12:00,1.1635,1.16351,1.16337,1.16343,0.0,74.0,0.0
2026-05-29 09:13:00,1.16343,1.16355,1.16341,1.16349,0.0,121.0,0.0
2026-05-29 09:14:00,1.16349,1.16366,1.16347,1.16365,0.0,97.0,0.0
2026-05-29 09:15:00,1.16365,1.16365,1.1635,1.16357,0.0,137.0,0.0
2026-05-29 09:16:00,1.16357,1.16364,1.16354,1.16364,0.0,110.0,0.0
2026-05-29 09:17:00,1.16364,1.16374,1.16364,1.16371,0.0,117.0,0.0
2026-05-29 09:18:00,1.16371,1.16383,1.1637,1.16381,0.0,96.0,0.0
2026-05-29 09:19:00,1.1638,1.1638600000000001,1.16365,1.16367,0.0,138.0,0.0
2026-05-29 09:20:00,1.16367,1.16367,1.16351,1.16351,0.0,124.0,0.0
2026-05-29 09:21:00,1.16352,1.16361,1.16341,1.1635,0.0,124.0,0.0
2026-05-29 09:22:00,1.1635,1.16354,1.16346,1.16346,0.0,70.0,0.0
2026-05-29 09:23:00,1.16346,1.16352,1.1634,1.16349,0.0,104.0,0.0
2026-05-29 09:24:00,1.16349,1.16353,1.16345,1.16349,0.0,77.0,0.0
2026-05-29 09:25:00,1.16349,1.16361,1.16346,1.16358,0.0,89.0,0.0
2026-05-29 09:26:00,1.16358,1.1635900000000001,1.16352,1.16353,0.0,92.0,0.0
2026-05-29 09:27:00,1.16353,1.1636,1.1635,1.16354,0.0,91.0,0.0
2026-05-29 09:28:00,1.16352,1.16361,1.16352,1.16356,0.0,121.0,0.0
2026-05-29 09:29:00,1.16357,1.16373,1.16354,1.16365,0.0,186.0,0.0
2026-05-29 09:30:00,1.16365,1.16373,1.16364,1.16366,0.0,137.0,0.0
2026-05-29 09:31:00,1.16366,1.16371,1.1635900000000001,1.16361,0.0,155.0,0.0
2026-05-29 09:32:00,1.1636,1.16363,1.16345,1.16345,0.0,107.0,0.0
2026-05-29 09:33:00,1.16345,1.1635,1.1634,1.16344,0.0,129.0,0.0
2026-05-29 09:34:00,1.16343,1.16352,1.16338,1.16346,0.0,127.0,0.0
2026-05-29 09:35:00,1.16346,1.16351,1.16342,1.16342,0.0,132.0,0.0
2026-05-29 09:36:00,1.16344,1.1635,1.16331,1.16339,0.0,169.0,0.0
2026-05-29 09:37:00,1.16339,1.16348,1.16336,1.16347,0.0,139.0,0.0
2026-05-29 09:38:00,1.16347,1.16352,1.16339,1.16347,0.0,95.0,0.0
2026-05-29 09:39:00,1.16347,1.16353,1.16342,1.1635,0.0,119.0,0.0
2026-05-29 09:40:00,1.1635,1.16351,1.16345,1.1635,0.0,46.0,0.0
2026-05-29 09:41:00,1.1635,1.1635,1.1634,1.16349,0.0,114.0,0.0
2026-05-29 09:42:00,1.16348,1.16352,1.16343,1.16349,0.0,83.0,0.0
2026-05-29 09:43:00,1.16349,1.16365,1.16347,1.16363,0.0,85.0,0.0
2026-05-29 09:44:00,1.16363,1.1637,1.16361,1.16367,0.0,95.0,0.0
2026-05-29 09:45:00,1.16367,1.16382,1.16365,1.16378,0.0,168.0,0.0
2026-05-29 09:46:00,1.16378,1.16384,1.16375,1.16378,0.0,123.0,0.0
2026-05-29 09:47:00,1.16378,1.16387,1.16375,1.16384,0.0,148.0,0.0
2026-05-29 09:48:00,1.16384,1.16384,1.1637,1.16376,0.0,127.0,0.0
2026-05-29 09:49:00,1.16377,1.16383,1.16373,1.16383,0.0,78.0,0.0
2026-05-29 09:50:00,1.16383,1.16392,1.16381,1.1639,0.0,98.0,0.0
2026-05-29 09:51:00,1.1639,1.16391,1.16382,1.1638600000000001,0.0,76.0,0.0
2026-05-29 09:52:00,1.1638600000000001,1.16394,1.16384,1.16394,0.0,109.0,0.0
2026-05-29 09:53:00,1.16394,1.16394,1.16387,1.16388,0.0,88.0,0.0
2026-05-29 09:54:00,1.16388,1.1639599999999999,1.16382,1.1639599999999999,0.0,103.0,0.0
2026-05-29 09:55:00,1.1639599999999999,1.16399,1.16392,1.16398,0.0,101.0,0.0
2026-05-29 09:56:00,1.16397,1.16403,1.1639,1.16392,0.0,105.0,0.0
2026-05-29 09:57:00,1.16392,1.16406,1.1639,1.16404,0.0,136.0,0.0
2026-05-29 09:58:00,1.16404,1.16421,1.16403,1.1642000000000001,0.0,156.0,0.0
2026-05-29 09:59:00,1.16421,1.1643,1.16413,1.16418,0.0,165.0,0.0
2026-05-29 10:00:00,1.16418,1.16418,1.16394,1.16394,0.0,117.0,0.0
2026-05-29 10:01:00,1.16394,1.16398,1.16378,1.1638600000000001,0.0,89.0,0.0
2026-05-29 10:02:00,1.16385,1.1639,1.1638,1.16383,0.0,77.0,0.0
2026-05-29 10:03:00,1.16382,1.16397,1.1638,1.16391,0.0,77.0,0.0
2026-05-29 10:04:00,1.16391,1.16393,1.16383,1.16388,0.0,68.0,0.0
2026-05-29 10:05:00,1.16387,1.16394,1.16385,1.16392,0.0,116.0,0.0
2026-05-29 10:06:00,1.16392,1.16405,1.16389,1.16403,0.0,46.0,0.0
2026-05-29 10:07:00,1.16403,1.16403,1.16397,1.16403,0.0,51.0,0.0
2026-05-29 10:08:00,1.16404,1.16429,1.16404,1.16428,0.0,81.0,0.0
2026-05-29 10:09:00,1.16428,1.16429,1.1642299999999999,1.16428,0.0,39.0,0.0
2026-05-29 10:10:00,1.16428,1.16453,1.16426,1.16436,0.0,116.0,0.0
2026-05-29 10:11:00,1.16436,1.16439,1.16433,1.16437,0.0,123.0,0.0
2026-05-29 10:12:00,1.16438,1.16442,1.16428,1.16432,0.0,56.0,0.0
2026-05-29 10:13:00,1.16431,1.16445,1.1643,1.16442,0.0,87.0,0.0
2026-05-29 10:14:00,1.1644,1.16451,1.1644,1.16451,0.0,93.0,0.0
2026-05-29 10:15:00,1.16451,1.16452,1.16429,1.16431,0.0,100.0,0.0
2026-05-29 10:16:00,1.16431,1.16433,1.16418,1.1642299999999999,0.0,92.0,0.0
2026-05-29 10:17:00,1.1642299999999999,1.16424,1.16405,1.16408,0.0,143.0,0.0
2026-05-29 10:18:00,1.16408,1.16428,1.16407,1.16425,0.0,152.0,0.0
2026-05-29 10:19:00,1.16425,1.16428,1.16418,1.16418,0.0,94.0,0.0
2026-05-29 10:20:00,1.16418,1.1643,1.16417,1.16424,0.0,124.0,0.0
2026-05-29 10:21:00,1.16424,1.16425,1.16417,1.1642299999999999,0.0,123.0,0.0
2026-05-29 10:22:00,1.16422,1.16424,1.16409,1.16424,0.0,103.0,0.0
2026-05-29 10:23:00,1.16424,1.16429,1.1642000000000001,1.1642000000000001,0.0,54.0,0.0
2026-05-29 10:24:00,1.16421,1.16421,1.1641,1.16411,0.0,81.0,0.0
2026-05-29 10:25:00,1.1641,1.16413,1.16408,1.16412,0.0,95.0,0.0
2026-05-29 10:26:00,1.16412,1.16413,1.16401,1.16405,0.0,125.0,0.0
2026-05-29 10:27:00,1.16404,1.16413,1.16399,1.16411,0.0,101.0,0.0
2026-05-29 10:28:00,1.1641,1.16414,1.1641,1.16412,0.0,54.0,0.0
2026-05-29 10:29:00,1.16412,1.16429,1.16412,1.16427,0.0,89.0,0.0
2026-05-29 10:30:00,1.16428,1.16433,1.16425,1.16427,0.0,53.0,0.0
2026-05-29 10:31:00,1.16427,1.16432,1.16424,1.16425,0.0,57.0,0.0
2026-05-29 10:32:00,1.16425,1.16431,1.16417,1.16418,0.0,85.0,0.0
2026-05-29 10:33:00,1.16419,1.16428,1.16418,1.16428,0.0,68.0,0.0
2026-05-29 10:34:00,1.16427,1.16434,1.16419,1.16429,0.0,86.0,0.0
2026-05-29 10:35:00,1.16429,1.16432,1.16424,1.16428,0.0,110.0,0.0
2026-05-29 10:36:00,1.16428,1.16441,1.16424,1.16438,0.0,111.0,0.0
2026-05-29 10:37:00,1.16438,1.16445,1.16432,1.16443,0.0,76.0,0.0
2026-05-29 10:38:00,1.16443,1.16443,1.16431,1.16432,0.0,84.0,0.0
2026-05-29 10:39:00,1.16432,1.16435,1.1643,1.16433,0.0,54.0,0.0
2026-05-29 10:40:00,1.16433,1.16436,1.16426,1.16429,0.0,91.0,0.0
2026-05-29 10:41:00,1.16428,1.16432,1.1642000000000001,1.1642299999999999,0.0,112.0,0.0
2026-05-29 10:42:00,1.1642299999999999,1.16427,1.16413,1.16417,0.0,105.0,0.0
2026-05-29 10:43:00,1.16418,1.1642000000000001,1.16414,1.16419,0.0,119.0,0.0
2026-05-29 10:44:00,1.16419,1.16428,1.16411,1.16426,0.0,118.0,0.0
2026-05-29 10:45:00,1.16426,1.16442,1.16422,1.16441,0.0,111.0,0.0
2026-05-29 10:46:00,1.1644,1.1644,1.16428,1.16431,0.0,67.0,0.0
2026-05-29 10:47:00,1.16431,1.16434,1.16421,1.16426,0.0,72.0,0.0
2026-05-29 10:48:00,1.16426,1.16428,1.16422,1.16424,0.0,49.0,0.0
2026-05-29 10:49:00,1.16424,1.16427,1.16421,1.16422,0.0,68.0,0.0
2026-05-29 10:50:00,1.16421,1.16429,1.16421,1.1642299999999999,0.0,79.0,0.0
2026-05-29 10:51:00,1.16421,1.1642299999999999,1.16407,1.1641,0.0,150.0,0.0
2026-05-29 10:52:00,1.16409,1.16418,1.16407,1.16415,0.0,90.0,0.0
2026-05-29 10:53:00,1.16415,1.16417,1.1641,1.16413,0.0,93.0,0.0
2026-05-29 10:54:00,1.16413,1.16421,1.16413,1.16416,0.0,112.0,0.0
2026-05-29 10:55:00,1.16416,1.16421,1.16413,1.16419,0.0,111.0,0.0
2026-05-29 10:56:00,1.16419,1.16433,1.16416,1.1643,0.0,114.0,0.0
2026-05-29 10:57:00,1.1643,1.16431,1.16412,1.16419,0.0,92.0,0.0
2026-05-29 10:58:00,1.16419,1.16433,1.16419,1.16431,0.0,121.0,0.0
2026-05-29 10:59:00,1.16432,1.16441,1.16427,1.16431,0.0,136.0,0.0
2026-05-29 11:00:00,1.16431,1.16438,1.1642000000000001,1.16438,0.0,117.0,0.0
2026-05-29 11:01:00,1.16438,1.16441,1.16434,1.16434,0.0,96.0,0.0
2026-05-29 11:02:00,1.16434,1.16438,1.16431,1.16431,0.0,83.0,0.0
2026-05-29 11:03:00,1.16431,1.16448,1.1643,1.16446,0.0,63.0,0.0
2026-05-29 11:04:00,1.16446,1.16448,1.16437,1.16442,0.0,98.0,0.0
2026-05-29 11:05:00,1.16443,1.1644700000000001,1.16431,1.16432,0.0,89.0,0.0
2026-05-29 11:06:00,1.16432,1.1645,1.1643,1.16449,0.0,72.0,0.0
2026-05-29 11:07:00,1.16449,1.16449,1.16439,1.16442,0.0,77.0,0.0
2026-05-29 11:08:00,1.16442,1.16445,1.16437,1.16441,0.0,68.0,0.0
2026-05-29 11:09:00,1.16441,1.16441,1.1642299999999999,1.16425,0.0,102.0,0.0
2026-05-29 11:10:00,1.16424,1.16427,1.1641,1.16426,0.0,116.0,0.0
2026-05-29 11:11:00,1.16426,1.16431,1.1642000000000001,1.16425,0.0,62.0,0.0
2026-05-29 11:12:00,1.16427,1.16427,1.16415,1.16417,0.0,50.0,0.0
2026-05-29 11:13:00,1.16417,1.16425,1.16416,1.16421,0.0,92.0,0.0
2026-05-29 11:14:00,1.16421,1.16427,1.1642000000000001,1.1642299999999999,0.0,61.0,0.0
2026-05-29 11:15:00,1.1642299999999999,1.1643,1.16422,1.16426,0.0,82.0,0.0
2026-05-29 11:16:00,1.16426,1.16433,1.16424,1.1643,0.0,67.0,0.0
2026-05-29 11:17:00,1.16431,1.16433,1.16424,1.16424,0.0,45.0,0.0
2026-05-29 11:18:00,1.16424,1.1643,1.16413,1.16416,0.0,75.0,0.0
2026-05-29 11:19:00,1.16416,1.16426,1.16416,1.16422,0.0,115.0,0.0
2026-05-29 11:20:00,1.16422,1.1642299999999999,1.16411,1.1642000000000001,0.0,104.0,0.0
2026-05-29 11:21:00,1.1642000000000001,1.1642000000000001,1.16408,1.16412,0.0,124.0,0.0
2026-05-29 11:22:00,1.16412,1.16414,1.16403,1.1641,0.0,97.0,0.0
2026-05-29 11:23:00,1.16411,1.16414,1.16395,1.16399,0.0,118.0,0.0
2026-05-29 11:24:00,1.16399,1.16415,1.16398,1.16412,0.0,110.0,0.0
2026-05-29 11:25:00,1.16414,1.1642299999999999,1.16414,1.16422,0.0,79.0,0.0
2026-05-29 11:26:00,1.1642299999999999,1.1642299999999999,1.16407,1.16415,0.0,63.0,0.0
2026-05-29 11:27:00,1.16415,1.1642299999999999,1.16415,1.16422,0.0,70.0,0.0
2026-05-29 11:28:00,1.16422,1.1642299999999999,1.16415,1.1642299999999999,0.0,116.0,0.0
2026-05-29 11:29:00,1.1642299999999999,1.16438,1.1642299999999999,1.16435,0.0,104.0,0.0
2026-05-29 11:30:00,1.16435,1.16435,1.16404,1.16411,0.0,73.0,0.0
2026-05-29 11:31:00,1.16411,1.16425,1.16411,1.16415,0.0,57.0,0.0
2026-05-29 11:32:00,1.16415,1.16419,1.16413,1.16416,0.0,47.0,0.0
2026-05-29 11:33:00,1.16415,1.16419,1.16408,1.16419,0.0,62.0,0.0
2026-05-29 11:34:00,1.16418,1.1642299999999999,1.16408,1.16409,0.0,77.0,0.0
2026-05-29 11:35:00,1.1641,1.16427,1.16407,1.16426,0.0,90.0,0.0
2026-05-29 11:36:00,1.16427,1.16443,1.16427,1.1644,0.0,57.0,0.0
2026-05-29 11:37:00,1.1644,1.16452,1.1644,1.16446,0.0,142.0,0.0
2026-05-29 11:38:00,1.16446,1.1645699999999999,1.16441,1.16455,0.0,79.0,0.0
2026-05-29 11:39:00,1.16455,1.16463,1.1645,1.16461,0.0,67.0,0.0
2026-05-29 11:40:00,1.16461,1.16468,1.16459,1.16466,0.0,71.0,0.0
2026-05-29 11:41:00,1.16466,1.16467,1.16458,1.16462,0.0,54.0,0.0
2026-05-29 11:42:00,1.16462,1.16469,1.1646,1.16468,0.0,71.0,0.0
2026-05-29 11:43:00,1.16468,1.1647,1.16454,1.16456,0.0,100.0,0.0
2026-05-29 11:44:00,1.16456,1.16462,1.16453,1.16456,0.0,73.0,0.0
2026-05-29 11:45:00,1.16456,1.16469,1.16456,1.16469,0.0,81.0,0.0
2026-05-29 11:46:00,1.16469,1.16473,1.16466,1.16468,0.0,69.0,0.0
2026-05-29 11:47:00,1.16467,1.16469,1.1646,1.16462,0.0,51.0,0.0
2026-05-29 11:48:00,1.16463,1.16463,1.16455,1.16458,0.0,46.0,0.0
2026-05-29 11:49:00,1.16459,1.16463,1.1645,1.16451,0.0,71.0,0.0
2026-05-29 11:50:00,1.16449,1.16453,1.16441,1.16444,0.0,133.0,0.0
2026-05-29 11:51:00,1.16444,1.16458,1.16443,1.1645699999999999,0.0,110.0,0.0
2026-05-29 11:52:00,1.1645699999999999,1.16458,1.16419,1.16422,0.0,178.0,0.0
2026-05-29 11:53:00,1.16421,1.16456,1.16416,1.16456,0.0,251.0,0.0
2026-05-29 11:54:00,1.16456,1.16458,1.16442,1.1644700000000001,0.0,144.0,0.0
2026-05-29 11:55:00,1.16446,1.16456,1.16439,1.16451,0.0,96.0,0.0
2026-05-29 11:56:00,1.16451,1.16466,1.16451,1.16458,0.0,64.0,0.0
2026-05-29 11:57:00,1.1645699999999999,1.16468,1.16444,1.16465,0.0,71.0,0.0
2026-05-29 11:58:00,1.16465,1.16482,1.16465,1.16475,0.0,82.0,0.0
2026-05-29 11:59:00,1.16475,1.16482,1.16474,1.16476,0.0,91.0,0.0
2026-05-29 12:00:00,1.16477,1.16488,1.16465,1.1648399999999999,0.0,110.0,0.0
2026-05-29 12:01:00,1.1648399999999999,1.1648399999999999,1.1645699999999999,1.16462,0.0,77.0,0.0
2026-05-29 12:02:00,1.16462,1.16467,1.16458,1.16462,0.0,78.0,0.0
2026-05-29 12:03:00,1.16462,1.16462,1.16452,1.16452,0.0,116.0,0.0
2026-05-29 12:04:00,1.16452,1.16458,1.16446,1.16448,0.0,89.0,0.0
2026-05-29 12:05:00,1.16448,1.16448,1.16438,1.16446,0.0,74.0,0.0
2026-05-29 12:06:00,1.16446,1.16453,1.16441,1.16451,0.0,115.0,0.0
2026-05-29 12:07:00,1.16451,1.1645699999999999,1.16443,1.16443,0.0,84.0,0.0
2026-05-29 12:08:00,1.16445,1.16459,1.16444,1.16455,0.0,139.0,0.0
2026-05-29 12:09:00,1.16455,1.16462,1.16432,1.16438,0.0,125.0,0.0
2026-05-29 12:10:00,1.16438,1.16454,1.16437,1.1644,0.0,107.0,0.0
2026-05-29 12:11:00,1.1644,1.16446,1.16437,1.16441,0.0,80.0,0.0
2026-05-29 12:12:00,1.16441,1.1644700000000001,1.16431,1.16431,0.0,105.0,0.0
2026-05-29 12:13:00,1.16432,1.16462,1.16427,1.1646,0.0,152.0,0.0
2026-05-29 12:14:00,1.1646,1.16472,1.16455,1.16458,0.0,66.0,0.0
2026-05-29 12:15:00,1.1645699999999999,1.16469,1.16452,1.16462,0.0,91.0,0.0
2026-05-29 12:16:00,1.16462,1.16463,1.1645699999999999,1.16463,0.0,92.0,0.0
2026-05-29 12:17:00,1.16463,1.16466,1.1645699999999999,1.16461,0.0,116.0,0.0
2026-05-29 12:18:00,1.16461,1.16472,1.16459,1.16462,0.0,113.0,0.0
2026-05-29 12:19:00,1.16462,1.16467,1.1646,1.16467,0.0,93.0,0.0
2026-05-29 12:20:00,1.16466,1.16466,1.1645699999999999,1.16462,0.0,116.0,0.0
2026-05-29 12:21:00,1.16462,1.16462,1.16452,1.16456,0.0,95.0,0.0
2026-05-29 12:22:00,1.16456,1.1646,1.16451,1.16458,0.0,76.0,0.0
2026-05-29 12:23:00,1.16458,1.16464,1.16454,1.16463,0.0,97.0,0.0
2026-05-29 12:24:00,1.16463,1.16463,1.16455,1.16455,0.0,63.0,0.0
2026-05-29 12:25:00,1.16455,1.1645699999999999,1.16437,1.16452,0.0,106.0,0.0
2026-05-29 12:26:00,1.16453,1.16463,1.16453,1.16462,0.0,68.0,0.0
2026-05-29 12:27:00,1.16462,1.16467,1.16461,1.16466,0.0,42.0,0.0
2026-05-29 12:28:00,1.16466,1.16472,1.16466,1.16468,0.0,66.0,0.0
2026-05-29 12:29:00,1.16468,1.16468,1.16458,1.16464,0.0,71.0,0.0
2026-05-29 12:30:00,1.16464,1.16467,1.16456,1.16465,0.0,112.0,0.0
2026-05-29 12:31:00,1.16465,1.16465,1.1645,1.16455,0.0,77.0,0.0
2026-05-29 12:32:00,1.16455,1.1645699999999999,1.1645,1.16451,0.0,63.0,0.0
2026-05-29 12:33:00,1.16452,1.16456,1.16415,1.16452,0.0,154.0,0.0
2026-05-29 12:34:00,1.16452,1.16465,1.16441,1.1644700000000001,0.0,135.0,0.0
2026-05-29 12:35:00,1.1644700000000001,1.16455,1.16443,1.16452,0.0,101.0,0.0
2026-05-29 12:36:00,1.16452,1.1646,1.16445,1.1645699999999999,0.0,74.0,0.0
2026-05-29 12:37:00,1.1645699999999999,1.1647,1.1645699999999999,1.16463,0.0,78.0,0.0
2026-05-29 12:38:00,1.16463,1.16469,1.1645699999999999,1.16459,0.0,77.0,0.0
2026-05-29 12:39:00,1.16459,1.16459,1.16446,1.1645,0.0,97.0,0.0
2026-05-29 12:40:00,1.1645,1.16456,1.16442,1.16452,0.0,81.0,0.0
2026-05-29 12:41:00,1.16452,1.16458,1.16448,1.16452,0.0,64.0,0.0
2026-05-29 12:42:00,1.16452,1.16458,1.1645,1.16456,0.0,99.0,0.0
2026-05-29 12:43:00,1.16456,1.16459,1.16443,1.16454,0.0,107.0,0.0
2026-05-29 12:44:00,1.16454,1.16458,1.1644700000000001,1.16453,0.0,100.0,0.0
2026-05-29 12:45:00,1.16453,1.16453,1.16444,1.16445,0.0,86.0,0.0
2026-05-29 12:46:00,1.16445,1.16459,1.16439,1.16456,0.0,96.0,0.0
2026-05-29 12:47:00,1.16455,1.16462,1.1644700000000001,1.1646,0.0,102.0,0.0
2026-05-29 12:48:00,1.1646,1.1646,1.16451,1.16453,0.0,82.0,0.0
2026-05-29 12:49:00,1.16454,1.16463,1.16453,1.16462,0.0,92.0,0.0
2026-05-29 12:50:00,1.16462,1.16463,1.16455,1.1645699999999999,0.0,114.0,0.0
2026-05-29 12:51:00,1.1645699999999999,1.16466,1.16455,1.16456,0.0,109.0,0.0
2026-05-29 12:52:00,1.16454,1.16477,1.16449,1.16451,0.0,169.0,0.0
2026-05-29 12:53:00,1.16451,1.16456,1.16449,1.16452,0.0,133.0,0.0
2026-05-29 12:54:00,1.16453,1.16463,1.16449,1.16452,0.0,97.0,0.0
2026-05-29 12:55:00,1.16452,1.16459,1.16446,1.16455,0.0,129.0,0.0
2026-05-29 12:56:00,1.16455,1.1645699999999999,1.16452,1.16454,0.0,44.0,0.0
2026-05-29 12:57:00,1.16454,1.16473,1.16454,1.16469,0.0,140.0,0.0
2026-05-29 12:58:00,1.16469,1.16477,1.16464,1.16475,0.0,94.0,0.0
2026-05-29 12:59:00,1.16475,1.16492,1.16475,1.16489,0.0,124.0,0.0
2026-05-29 13:00:00,1.16489,1.16494,1.1647,1.16472,0.0,165.0,0.0
2026-05-29 13:01:00,1.16473,1.16482,1.16466,1.1648,0.0,131.0,0.0
2026-05-29 13:02:00,1.1648,1.16483,1.16471,1.16471,0.0,112.0,0.0
2026-05-29 13:03:00,1.16471,1.16482,1.16469,1.16474,0.0,131.0,0.0
2026-05-29 13:04:00,1.16474,1.1649,1.16474,1.16486,0.0,87.0,0.0
2026-05-29 13:05:00,1.16486,1.16493,1.16479,1.1648,0.0,95.0,0.0
2026-05-29 13:06:00,1.1648,1.16483,1.16466,1.16471,0.0,96.0,0.0
2026-05-29 13:07:00,1.1647,1.1648100000000001,1.16465,1.16477,0.0,113.0,0.0
2026-05-29 13:08:00,1.16478,1.16479,1.1647,1.16476,0.0,112.0,0.0
2026-05-29 13:09:00,1.16476,1.16478,1.16467,1.16468,0.0,98.0,0.0
2026-05-29 13:10:00,1.16468,1.16475,1.16465,1.16471,0.0,118.0,0.0
2026-05-29 13:11:00,1.1647,1.16478,1.16465,1.16476,0.0,127.0,0.0
2026-05-29 13:12:00,1.16474,1.16485,1.16471,1.16482,0.0,152.0,0.0
2026-05-29 13:13:00,1.1648100000000001,1.16492,1.16477,1.16478,0.0,126.0,0.0
2026-05-29 13:14:00,1.16478,1.16483,1.16471,1.16475,0.0,92.0,0.0
2026-05-29 13:15:00,1.16476,1.1649,1.16475,1.1649,0.0,83.0,0.0
2026-05-29 13:16:00,1.16491,1.16502,1.16486,1.16498,0.0,111.0,0.0
2026-05-29 13:17:00,1.16498,1.16504,1.16493,1.16497,0.0,108.0,0.0
2026-05-29 13:18:00,1.16497,1.16502,1.16492,1.16494,0.0,90.0,0.0
2026-05-29 13:19:00,1.16494,1.16501,1.1649,1.16501,0.0,76.0,0.0
2026-05-29 13:20:00,1.165,1.16503,1.16491,1.16499,0.0,131.0,0.0
2026-05-29 13:21:00,1.16499,1.16531,1.16498,1.16528,0.0,100.0,0.0
2026-05-29 13:22:00,1.16528,1.16528,1.16506,1.16506,0.0,123.0,0.0
2026-05-29 13:23:00,1.16507,1.16513,1.16495,1.16499,0.0,104.0,0.0
2026-05-29 13:24:00,1.16497,1.16501,1.1648399999999999,1.1649,0.0,108.0,0.0
2026-05-29 13:25:00,1.1649,1.1650800000000001,1.16488,1.16505,0.0,136.0,0.0
2026-05-29 13:26:00,1.16502,1.16502,1.16495,1.16501,0.0,82.0,0.0
2026-05-29 13:27:00,1.16501,1.16504,1.16496,1.16497,0.0,101.0,0.0
2026-05-29 13:28:00,1.16497,1.16497,1.16486,1.16492,0.0,146.0,0.0
2026-05-29 13:29:00,1.16492,1.16501,1.1649,1.165,0.0,106.0,0.0
2026-05-29 13:30:00,1.165,1.16507,1.1649,1.16502,0.0,158.0,0.0
2026-05-29 13:31:00,1.16502,1.16513,1.165,1.16505,0.0,170.0,0.0
2026-05-29 13:32:00,1.16506,1.16512,1.16494,1.16507,0.0,157.0,0.0
2026-05-29 13:33:00,1.16506,1.16522,1.16499,1.1652,0.0,150.0,0.0
2026-05-29 13:34:00,1.1652,1.16524,1.16505,1.16516,0.0,113.0,0.0
2026-05-29 13:35:00,1.16516,1.1651799999999999,1.16503,1.16515,0.0,113.0,0.0
2026-05-29 13:36:00,1.16515,1.16515,1.16503,1.16506,0.0,101.0,0.0
2026-05-29 13:37:00,1.16505,1.16517,1.16504,1.1651,0.0,105.0,0.0
2026-05-29 13:38:00,1.1651,1.16512,1.1650800000000001,1.16511,0.0,81.0,0.0
2026-05-29 13:39:00,1.16511,1.16511,1.1649,1.16494,0.0,123.0,0.0
2026-05-29 13:40:00,1.16494,1.16509,1.16491,1.16507,0.0,81.0,0.0
2026-05-29 13:41:00,1.16507,1.16515,1.16501,1.16506,0.0,119.0,0.0
2026-05-29 13:42:00,1.16507,1.16507,1.16479,1.16486,0.0,125.0,0.0
2026-05-29 13:43:00,1.16485,1.16499,1.16482,1.16491,0.0,160.0,0.0
2026-05-29 13:44:00,1.16492,1.1651,1.1649,1.1650800000000001,0.0,107.0,0.0
2026-05-29 13:45:00,1.1650800000000001,1.16512,1.16495,1.16509,0.0,101.0,0.0
2026-05-29 13:46:00,1.1650800000000001,1.16513,1.16495,1.16498,0.0,113.0,0.0
2026-05-29 13:47:00,1.16499,1.16501,1.1648399999999999,1.1648399999999999,0.0,152.0,0.0
2026-05-29 13:48:00,1.16483,1.16498,1.16483,1.16498,0.0,148.0,0.0
2026-05-29 13:49:00,1.16498,1.16498,1.16486,1.16489,0.0,137.0,0.0
2026-05-29 13:50:00,1.16489,1.16492,1.1648399999999999,1.1649,0.0,148.0,0.0
2026-05-29 13:51:00,1.1649,1.16494,1.16461,1.16467,0.0,149.0,0.0
2026-05-29 13:52:00,1.16467,1.16467,1.16449,1.1646,0.0,149.0,0.0
2026-05-29 13:53:00,1.16459,1.16467,1.16456,1.16462,0.0,147.0,0.0
2026-05-29 13:54:00,1.16462,1.16487,1.16462,1.16473,0.0,154.0,0.0
2026-05-29 13:55:00,1.16473,1.16475,1.16466,1.16474,0.0,148.0,0.0
2026-05-29 13:56:00,1.16475,1.16477,1.16466,1.16474,0.0,155.0,0.0
2026-05-29 13:57:00,1.16474,1.1649,1.16467,1.16489,0.0,123.0,0.0
2026-05-29 13:58:00,1.16489,1.165,1.16486,1.16492,0.0,127.0,0.0
2026-05-29 13:59:00,1.16492,1.16492,1.16468,1.16474,0.0,142.0,0.0
2026-05-29 14:00:00,1.16475,1.16479,1.16453,1.16476,0.0,177.0,0.0
2026-05-29 14:01:00,1.16476,1.16494,1.16472,1.16488,0.0,161.0,0.0
2026-05-29 14:02:00,1.16488,1.165,1.1648399999999999,1.16488,0.0,129.0,0.0
2026-05-29 14:03:00,1.16488,1.16494,1.1648100000000001,1.1649,0.0,111.0,0.0
2026-05-29 14:04:00,1.1649,1.16498,1.16486,1.16492,0.0,88.0,0.0
2026-05-29 14:05:00,1.16493,1.16501,1.1649,1.16494,0.0,135.0,0.0
2026-05-29 14:06:00,1.16494,1.1651,1.16486,1.16509,0.0,160.0,0.0
2026-05-29 14:07:00,1.16509,1.16511,1.16498,1.16509,0.0,118.0,0.0
2026-05-29 14:08:00,1.16509,1.16509,1.1649,1.16494,0.0,90.0,0.0
2026-05-29 14:09:00,1.16494,1.16503,1.1649,1.165,0.0,112.0,0.0
2026-05-29 14:10:00,1.165,1.16502,1.16488,1.1649,0.0,158.0,0.0
2026-05-29 14:11:00,1.1649,1.1650800000000001,1.16486,1.1650800000000001,0.0,116.0,0.0
2026-05-29 14:12:00,1.1650800000000001,1.1650800000000001,1.16491,1.16492,0.0,115.0,0.0
2026-05-29 14:13:00,1.16492,1.16492,1.16464,1.16469,0.0,176.0,0.0
2026-05-29 14:14:00,1.16469,1.16473,1.16433,1.16436,0.0,153.0,0.0
2026-05-29 14:15:00,1.16436,1.16439,1.16424,1.16427,0.0,167.0,0.0
2026-05-29 14:16:00,1.16427,1.16443,1.1642000000000001,1.16443,0.0,131.0,0.0
2026-05-29 14:17:00,1.16443,1.16449,1.16437,1.1644700000000001,0.0,100.0,0.0
2026-05-29 14:18:00,1.1644700000000001,1.1644700000000001,1.16433,1.16433,0.0,85.0,0.0
2026-05-29 14:19:00,1.16433,1.16438,1.16417,1.16421,0.0,180.0,0.0
2026-05-29 14:20:00,1.16422,1.16443,1.16419,1.16439,0.0,98.0,0.0
2026-05-29 14:21:00,1.16439,1.1645,1.16438,1.16448,0.0,101.0,0.0
2026-05-29 14:22:00,1.16448,1.16452,1.16444,1.16448,0.0,98.0,0.0
2026-05-29 14:23:00,1.16448,1.16455,1.1644,1.16448,0.0,122.0,0.0
2026-05-29 14:24:00,1.16448,1.16452,1.16435,1.16437,0.0,143.0,0.0
2026-05-29 14:25:00,1.16437,1.1644700000000001,1.16433,1.1644700000000001,0.0,106.0,0.0
2026-05-29 14:26:00,1.1644700000000001,1.16448,1.16439,1.16442,0.0,122.0,0.0
2026-05-29 14:27:00,1.16441,1.16448,1.16437,1.16446,0.0,131.0,0.0
2026-05-29 14:28:00,1.16446,1.16462,1.16445,1.1645,0.0,154.0,0.0
2026-05-29 14:29:00,1.1645,1.16464,1.16448,1.16462,0.0,181.0,0.0
2026-05-29 14:30:00,1.16461,1.16465,1.16454,1.16459,0.0,148.0,0.0
2026-05-29 14:31:00,1.16459,1.16463,1.1645,1.16461,0.0,134.0,0.0
2026-05-29 14:32:00,1.1646,1.16464,1.16451,1.16464,0.0,171.0,0.0
2026-05-29 14:33:00,1.16464,1.16478,1.16456,1.16459,0.0,178.0,0.0
2026-05-29 14:34:00,1.16459,1.16479,1.16458,1.16472,0.0,112.0,0.0
2026-05-29 14:35:00,1.16472,1.16479,1.16466,1.1647,0.0,97.0,0.0
2026-05-29 14:36:00,1.1647,1.16473,1.16451,1.16463,0.0,132.0,0.0
2026-05-29 14:37:00,1.16463,1.16467,1.16411,1.16413,0.0,161.0,0.0
2026-05-29 14:38:00,1.16414,1.16424,1.16411,1.1642000000000001,0.0,121.0,0.0
2026-05-29 14:39:00,1.1642000000000001,1.16429,1.16404,1.16414,0.0,102.0,0.0
2026-05-29 14:40:00,1.16415,1.16433,1.16413,1.16419,0.0,108.0,0.0
2026-05-29 14:41:00,1.16419,1.16455,1.16419,1.16452,0.0,128.0,0.0
2026-05-29 14:42:00,1.16453,1.16462,1.1645,1.16451,0.0,107.0,0.0
2026-05-29 14:43:00,1.16451,1.16453,1.16441,1.16448,0.0,86.0,0.0
2026-05-29 14:44:00,1.16448,1.1648100000000001,1.16442,1.16478,0.0,146.0,0.0
2026-05-29 14:45:00,1.16478,1.16483,1.16468,1.16483,0.0,100.0,0.0
2026-05-29 14:46:00,1.1648100000000001,1.16506,1.1648100000000001,1.16503,0.0,175.0,0.0
2026-05-29 14:47:00,1.16503,1.16511,1.16498,1.16502,0.0,177.0,0.0
2026-05-29 14:48:00,1.16504,1.16512,1.16492,1.16505,0.0,131.0,0.0
2026-05-29 14:49:00,1.16505,1.16548,1.16501,1.16539,0.0,181.0,0.0
2026-05-29 14:50:00,1.16539,1.16572,1.16536,1.16557,0.0,212.0,0.0
2026-05-29 14:51:00,1.16558,1.16653,1.16546,1.16602,0.0,411.0,0.0
2026-05-29 14:52:00,1.16602,1.1666400000000001,1.16602,1.16653,0.0,375.0,0.0
2026-05-29 14:53:00,1.16653,1.1667399999999999,1.16648,1.16654,0.0,350.0,0.0
2026-05-29 14:54:00,1.16654,1.1666400000000001,1.16641,1.16661,0.0,312.0,0.0
2026-05-29 14:55:00,1.16661,1.16747,1.16659,1.1674,0.0,386.0,0.0
2026-05-29 14:56:00,1.1674,1.16743,1.16721,1.16726,0.0,283.0,0.0
2026-05-29 14:57:00,1.16724,1.16727,1.16686,1.16717,0.0,361.0,0.0
2026-05-29 14:58:00,1.16717,1.16717,1.16678,1.1669100000000001,0.0,287.0,0.0
2026-05-29 14:59:00,1.1669100000000001,1.16713,1.16685,1.16686,0.0,247.0,0.0
2026-05-29 15:00:00,1.16686,1.16695,1.16672,1.16685,0.0,309.0,0.0
2026-05-29 15:01:00,1.16685,1.16719,1.16681,1.16711,0.0,388.0,0.0
2026-05-29 15:02:00,1.16711,1.16722,1.16683,1.16717,0.0,361.0,0.0
2026-05-29 15:03:00,1.16718,1.16731,1.16705,1.16727,0.0,285.0,0.0
2026-05-29 15:04:00,1.16726,1.16726,1.16696,1.16702,0.0,242.0,0.0
2026-05-29 15:05:00,1.16703,1.16705,1.16677,1.1669100000000001,0.0,256.0,0.0
2026-05-29 15:06:00,1.1669100000000001,1.16708,1.16683,1.16707,0.0,198.0,0.0
2026-05-29 15:07:00,1.16707,1.16728,1.16706,1.16723,0.0,171.0,0.0
2026-05-29 15:08:00,1.16723,1.16742,1.16718,1.16741,0.0,252.0,0.0
2026-05-29 15:09:00,1.16741,1.16748,1.1673499999999999,1.16743,0.0,159.0,0.0
2026-05-29 15:10:00,1.16742,1.16753,1.1673,1.16739,0.0,178.0,0.0
2026-05-29 15:11:00,1.1674,1.16765,1.1673499999999999,1.16755,0.0,190.0,0.0
2026-05-29 15:12:00,1.16755,1.16764,1.1675,1.16757,0.0,178.0,0.0
2026-05-29 15:13:00,1.16756,1.16772,1.1675200000000001,1.1677,0.0,172.0,0.0
2026-05-29 15:14:00,1.1677,1.16779,1.16759,1.16764,0.0,201.0,0.0
2026-05-29 15:15:00,1.16764,1.16767,1.16741,1.16751,0.0,255.0,0.0
2026-05-29 15:16:00,1.16751,1.16775,1.16749,1.16769,0.0,208.0,0.0
2026-05-29 15:17:00,1.16769,1.16774,1.16751,1.16757,0.0,190.0,0.0
2026-05-29 15:18:00,1.16757,1.16778,1.16756,1.16769,0.0,159.0,0.0
2026-05-29 15:19:00,1.1677,1.16772,1.16758,1.16763,0.0,174.0,0.0
2026-05-29 15:20:00,1.16763,1.16769,1.16754,1.1676,0.0,187.0,0.0
2026-05-29 15:21:00,1.1676,1.16769,1.16753,1.16769,0.0,154.0,0.0
2026-05-29 15:22:00,1.16768,1.16775,1.16765,1.16773,0.0,100.0,0.0
2026-05-29 15:23:00,1.16773,1.16816,1.1677,1.16811,0.0,199.0,0.0
2026-05-29 15:24:00,1.16811,1.16819,1.16788,1.16791,0.0,202.0,0.0
2026-05-29 15:25:00,1.16791,1.16792,1.16764,1.16771,0.0,203.0,0.0
2026-05-29 15:26:00,1.1677,1.1678,1.1676199999999999,1.16766,0.0,176.0,0.0
2026-05-29 15:27:00,1.16767,1.16767,1.16739,1.16744,0.0,234.0,0.0
2026-05-29 15:28:00,1.16745,1.1676199999999999,1.16739,1.1676,0.0,168.0,0.0
2026-05-29 15:29:00,1.1676,1.16771,1.16751,1.1675200000000001,0.0,160.0,0.0
2026-05-29 15:30:00,1.1675200000000001,1.16777,1.1675,1.16775,0.0,208.0,0.0
2026-05-29 15:31:00,1.16775,1.16797,1.16768,1.16791,0.0,256.0,0.0
2026-05-29 15:32:00,1.16791,1.16832,1.16782,1.1683,0.0,240.0,0.0
2026-05-29 15:33:00,1.1683,1.16858,1.16826,1.16856,0.0,239.0,0.0
2026-05-29 15:34:00,1.16855,1.16856,1.16814,1.16815,0.0,211.0,0.0
2026-05-29 15:35:00,1.16815,1.1682,1.16794,1.1681,0.0,206.0,0.0
2026-05-29 15:36:00,1.16811,1.16834,1.16803,1.16834,0.0,160.0,0.0
2026-05-29 15:37:00,1.16833,1.16833,1.16783,1.16791,0.0,183.0,0.0
2026-05-29 15:38:00,1.16791,1.16811,1.16788,1.16811,0.0,214.0,0.0
2026-05-29 15:39:00,1.1681,1.16814,1.16801,1.16811,0.0,176.0,0.0
2026-05-29 15:40:00,1.16811,1.16814,1.16785,1.1681300000000001,0.0,182.0,0.0
2026-05-29 15:41:00,1.1681300000000001,1.16829,1.16766,1.16776,0.0,254.0,0.0
2026-05-29 15:42:00,1.16776,1.16781,1.16761,1.16769,0.0,209.0,0.0
2026-05-29 15:43:00,1.16769,1.1677,1.16745,1.16754,0.0,142.0,0.0
2026-05-29 15:44:00,1.16754,1.16764,1.16742,1.1676,0.0,160.0,0.0
2026-05-29 15:45:00,1.1676,1.16804,1.16759,1.16804,0.0,210.0,0.0
2026-05-29 15:46:00,1.16804,1.16804,1.1678,1.16791,0.0,172.0,0.0
2026-05-29 15:47:00,1.16791,1.16791,1.16766,1.16783,0.0,201.0,0.0
2026-05-29 15:48:00,1.16783,1.16791,1.16769,1.1679,0.0,172.0,0.0
2026-05-29 15:49:00,1.1679,1.16805,1.16789,1.16798,0.0,109.0,0.0
2026-05-29 15:50:00,1.16797,1.16803,1.1678,1.16797,0.0,167.0,0.0
2026-05-29 15:51:00,1.16797,1.16804,1.16791,1.1679599999999999,0.0,130.0,0.0
2026-05-29 15:52:00,1.1679599999999999,1.16798,1.16773,1.16774,0.0,120.0,0.0
2026-05-29 15:53:00,1.16774,1.16788,1.16771,1.16779,0.0,94.0,0.0
2026-05-29 15:54:00,1.16779,1.16798,1.16779,1.16788,0.0,161.0,0.0
2026-05-29 15:55:00,1.16788,1.1679599999999999,1.1678600000000001,1.16789,0.0,101.0,0.0
2026-05-29 15:56:00,1.1679,1.16793,1.16783,1.16789,0.0,179.0,0.0
2026-05-29 15:57:00,1.16789,1.16792,1.16783,1.16785,0.0,179.0,0.0
2026-05-29 15:58:00,1.1678600000000001,1.16793,1.16779,1.16779,0.0,193.0,0.0
2026-05-29 15:59:00,1.16779,1.16783,1.16775,1.16781,0.0,142.0,0.0
2026-05-29 16:00:00,1.16781,1.16793,1.16771,1.16783,0.0,150.0,0.0
2026-05-29 16:01:00,1.16783,1.16787,1.16768,1.16772,0.0,159.0,0.0
2026-05-29 16:02:00,1.1677,1.16783,1.16763,1.16782,0.0,123.0,0.0
2026-05-29 16:03:00,1.16782,1.16783,1.16763,1.16766,0.0,128.0,0.0
2026-05-29 16:04:00,1.16766,1.1677,1.16751,1.16753,0.0,89.0,0.0
2026-05-29 16:05:00,1.16753,1.16754,1.1674,1.16748,0.0,136.0,0.0
2026-05-29 16:06:00,1.16746,1.16748,1.1673,1.16745,0.0,111.0,0.0
2026-05-29 16:07:00,1.16745,1.16751,1.16732,1.16732,0.0,97.0,0.0
2026-05-29 16:08:00,1.16732,1.16732,1.16714,1.16718,0.0,131.0,0.0
2026-05-29 16:09:00,1.16718,1.16733,1.16712,1.16717,0.0,123.0,0.0
2026-05-29 16:10:00,1.16717,1.16721,1.16711,1.16713,0.0,134.0,0.0
2026-05-29 16:11:00,1.16713,1.16718,1.16709,1.16715,0.0,97.0,0.0
2026-05-29 16:12:00,1.16715,1.16717,1.16703,1.1671,0.0,98.0,0.0
2026-05-29 16:13:00,1.16711,1.16713,1.16695,1.16703,0.0,132.0,0.0
2026-05-29 16:14:00,1.16703,1.16704,1.16695,1.16698,0.0,97.0,0.0
2026-05-29 16:15:00,1.16698,1.16699,1.16689,1.16694,0.0,119.0,0.0
2026-05-29 16:16:00,1.16694,1.1671,1.16693,1.1671,0.0,77.0,0.0
2026-05-29 16:17:00,1.1671,1.16712,1.1670099999999999,1.16705,0.0,80.0,0.0
2026-05-29 16:18:00,1.16705,1.16706,1.16684,1.16685,0.0,63.0,0.0
2026-05-29 16:19:00,1.16686,1.16692,1.1668,1.16683,0.0,60.0,0.0
2026-05-29 16:20:00,1.16683,1.16687,1.16679,1.16685,0.0,60.0,0.0
2026-05-29 16:21:00,1.16685,1.16689,1.1668,1.16685,0.0,80.0,0.0
2026-05-29 16:22:00,1.16685,1.16696,1.16681,1.16693,0.0,83.0,0.0
2026-05-29 16:23:00,1.16694,1.16706,1.16693,1.16694,0.0,93.0,0.0
2026-05-29 16:24:00,1.16695,1.1670099999999999,1.16689,1.16695,0.0,143.0,0.0
2026-05-29 16:25:00,1.16695,1.16711,1.16692,1.1670099999999999,0.0,88.0,0.0
2026-05-29 16:26:00,1.16702,1.16705,1.16695,1.16699,0.0,100.0,0.0
2026-05-29 16:27:00,1.16698,1.16702,1.16686,1.16686,0.0,101.0,0.0
2026-05-29 16:28:00,1.16688,1.16698,1.16686,1.16697,0.0,75.0,0.0
2026-05-29 16:29:00,1.16697,1.16703,1.16695,1.16699,0.0,56.0,0.0
2026-05-29 16:30:00,1.16699,1.167,1.16667,1.16675,0.0,133.0,0.0
2026-05-29 16:31:00,1.16675,1.16716,1.16668,1.16705,0.0,208.0,0.0
2026-05-29 16:32:00,1.16704,1.16711,1.16699,1.16707,0.0,191.0,0.0
2026-05-29 16:33:00,1.16707,1.16719,1.16707,1.16718,0.0,96.0,0.0
2026-05-29 16:34:00,1.16718,1.16733,1.16715,1.16722,0.0,85.0,0.0
2026-05-29 16:35:00,1.16722,1.1672500000000001,1.16714,1.16723,0.0,95.0,0.0
2026-05-29 16:36:00,1.16723,1.16729,1.16721,1.16729,0.0,62.0,0.0
2026-05-29 16:37:00,1.16729,1.16748,1.16722,1.16726,0.0,124.0,0.0
2026-05-29 16:38:00,1.16726,1.1673499999999999,1.1672500000000001,1.16726,0.0,93.0,0.0
2026-05-29 16:39:00,1.16726,1.16733,1.16726,1.16727,0.0,64.0,0.0
2026-05-29 16:40:00,1.16727,1.16736,1.16723,1.16731,0.0,88.0,0.0
2026-05-29 16:41:00,1.16732,1.16736,1.16726,1.16731,0.0,62.0,0.0
2026-05-29 16:42:00,1.16732,1.16732,1.16717,1.16721,0.0,66.0,0.0
2026-05-29 16:43:00,1.16721,1.16721,1.16713,1.16713,0.0,55.0,0.0
2026-05-29 16:44:00,1.16713,1.16717,1.16707,1.16709,0.0,67.0,0.0
2026-05-29 16:45:00,1.16709,1.16714,1.16699,1.16707,0.0,82.0,0.0
2026-05-29 16:46:00,1.16707,1.16712,1.16702,1.16703,0.0,74.0,0.0
2026-05-29 16:47:00,1.16703,1.16712,1.1669,1.16712,0.0,104.0,0.0
2026-05-29 16:48:00,1.16712,1.16719,1.16705,1.16718,0.0,90.0,0.0
2026-05-29 16:49:00,1.16718,1.16718,1.16706,1.16713,0.0,75.0,0.0
2026-05-29 16:50:00,1.16713,1.16713,1.16703,1.16712,0.0,79.0,0.0
2026-05-29 16:51:00,1.16712,1.16713,1.16702,1.16702,0.0,42.0,0.0
2026-05-29 16:52:00,1.16702,1.16704,1.16692,1.16696,0.0,78.0,0.0
2026-05-29 16:53:00,1.16696,1.16705,1.16694,1.16703,0.0,98.0,0.0
2026-05-29 16:54:00,1.16703,1.16713,1.16702,1.1671,0.0,78.0,0.0
2026-05-29 16:55:00,1.1671,1.16713,1.16706,1.16706,0.0,88.0,0.0
2026-05-29 16:56:00,1.16706,1.16711,1.16694,1.16703,0.0,107.0,0.0
2026-05-29 16:57:00,1.16703,1.16705,1.16696,1.16703,0.0,83.0,0.0
2026-05-29 16:58:00,1.16703,1.16715,1.16698,1.16714,0.0,79.0,0.0
2026-05-29 16:59:00,1.16713,1.1672500000000001,1.1671,1.16722,0.0,107.0,0.0
2026-05-29 17:00:00,1.16722,1.16729,1.16718,1.16718,0.0,82.0,0.0
2026-05-29 17:01:00,1.16718,1.16726,1.16717,1.1672500000000001,0.0,103.0,0.0
2026-05-29 17:02:00,1.1672500000000001,1.1672500000000001,1.16712,1.16717,0.0,86.0,0.0
2026-05-29 17:03:00,1.16717,1.16721,1.16711,1.16721,0.0,57.0,0.0
2026-05-29 17:04:00,1.16721,1.16722,1.16715,1.16722,0.0,52.0,0.0
2026-05-29 17:05:00,1.16722,1.1672500000000001,1.16719,1.16723,0.0,43.0,0.0
2026-05-29 17:06:00,1.16724,1.16729,1.16723,1.16728,0.0,36.0,0.0
2026-05-29 17:07:00,1.16728,1.1673499999999999,1.16724,1.16729,0.0,68.0,0.0
2026-05-29 17:08:00,1.1673,1.16733,1.16715,1.16717,0.0,50.0,0.0
2026-05-29 17:09:00,1.16717,1.1672,1.167,1.16703,0.0,68.0,0.0
2026-05-29 17:10:00,1.16703,1.16711,1.16702,1.16705,0.0,83.0,0.0
2026-05-29 17:11:00,1.16705,1.16707,1.16698,1.16707,0.0,141.0,0.0
2026-05-29 17:12:00,1.16706,1.16714,1.16695,1.16697,0.0,135.0,0.0
2026-05-29 17:13:00,1.16697,1.16699,1.16692,1.16698,0.0,83.0,0.0
2026-05-29 17:14:00,1.16698,1.16699,1.1669,1.1669100000000001,0.0,66.0,0.0
2026-05-29 17:15:00,1.1669100000000001,1.167,1.1669100000000001,1.16694,0.0,51.0,0.0
2026-05-29 17:16:00,1.16694,1.16699,1.16692,1.16697,0.0,45.0,0.0
2026-05-29 17:17:00,1.16697,1.167,1.16694,1.16699,0.0,64.0,0.0
2026-05-29 17:18:00,1.16699,1.16707,1.16697,1.16702,0.0,38.0,0.0
2026-05-29 17:19:00,1.16702,1.16705,1.16682,1.16684,0.0,46.0,0.0
2026-05-29 17:20:00,1.16684,1.16684,1.16675,1.16678,0.0,66.0,0.0
2026-05-29 17:21:00,1.16676,1.16678,1.16661,1.16665,0.0,129.0,0.0
2026-05-29 17:22:00,1.16666,1.1667399999999999,1.16661,1.16667,0.0,92.0,0.0
2026-05-29 17:23:00,1.16667,1.16671,1.16659,1.16667,0.0,83.0,0.0
2026-05-29 17:24:00,1.16667,1.16684,1.16662,1.16676,0.0,107.0,0.0
2026-05-29 17:25:00,1.16676,1.16684,1.16672,1.16678,0.0,94.0,0.0
2026-05-29 17:26:00,1.16678,1.16678,1.1667,1.16673,0.0,91.0,0.0
2026-05-29 17:27:00,1.16673,1.16677,1.16666,1.1667399999999999,0.0,96.0,0.0
2026-05-29 17:28:00,1.16673,1.16681,1.16673,1.16677,0.0,74.0,0.0
2026-05-29 17:29:00,1.16676,1.16681,1.16675,1.16678,0.0,40.0,0.0
2026-05-29 17:30:00,1.16679,1.16684,1.16668,1.16668,0.0,59.0,0.0
2026-05-29 17:31:00,1.16668,1.1667,1.1666400000000001,1.16669,0.0,57.0,0.0
2026-05-29 17:32:00,1.16668,1.16679,1.16666,1.16678,0.0,64.0,0.0
2026-05-29 17:33:00,1.16677,1.1668,1.1667,1.1667,0.0,119.0,0.0
2026-05-29 17:34:00,1.1667,1.16679,1.16669,1.16678,0.0,42.0,0.0
2026-05-29 17:35:00,1.16678,1.16683,1.16663,1.16665,0.0,64.0,0.0
2026-05-29 17:36:00,1.16666,1.16669,1.1666400000000001,1.16668,0.0,40.0,0.0
2026-05-29 17:37:00,1.16668,1.16669,1.16663,1.16665,0.0,49.0,0.0
2026-05-29 17:38:00,1.16666,1.1667,1.16663,1.16666,0.0,42.0,0.0
2026-05-29 17:39:00,1.16665,1.16665,1.16651,1.16653,0.0,86.0,0.0
2026-05-29 17:40:00,1.16653,1.16656,1.16641,1.16654,0.0,89.0,0.0
2026-05-29 17:41:00,1.16654,1.16658,1.16653,1.16655,0.0,55.0,0.0
2026-05-29 17:42:00,1.16655,1.16655,1.16647,1.16649,0.0,63.0,0.0
2026-05-29 17:43:00,1.16649,1.1665,1.16636,1.16638,0.0,53.0,0.0
2026-05-29 17:44:00,1.16638,1.16647,1.16632,1.16645,0.0,69.0,0.0
2026-05-29 17:45:00,1.16647,1.16648,1.16635,1.16637,0.0,100.0,0.0
2026-05-29 17:46:00,1.16637,1.16646,1.16635,1.16643,0.0,45.0,0.0
2026-05-29 17:47:00,1.16643,1.16647,1.16637,1.16638,0.0,84.0,0.0
2026-05-29 17:48:00,1.16638,1.16654,1.16637,1.16652,0.0,49.0,0.0
2026-05-29 17:49:00,1.16652,1.16659,1.1665,1.16653,0.0,43.0,0.0
2026-05-29 17:50:00,1.16653,1.16654,1.16648,1.16649,0.0,45.0,0.0
2026-05-29 17:51:00,1.16649,1.16653,1.16648,1.16652,0.0,54.0,0.0
2026-05-29 17:52:00,1.16651,1.16651,1.16641,1.16643,0.0,50.0,0.0
2026-05-29 17:53:00,1.16643,1.16645,1.1663000000000001,1.16632,0.0,58.0,0.0
2026-05-29 17:54:00,1.16632,1.16634,1.16626,1.16632,0.0,61.0,0.0
2026-05-29 17:55:00,1.16632,1.16639,1.16624,1.16633,0.0,82.0,0.0
2026-05-29 17:56:00,1.16633,1.16644,1.16632,1.16634,0.0,100.0,0.0
2026-05-29 17:57:00,1.16635,1.16648,1.16632,1.16638,0.0,119.0,0.0
2026-05-29 17:58:00,1.16638,1.16647,1.16637,1.16639,0.0,115.0,0.0
2026-05-29 17:59:00,1.16639,1.16641,1.16622,1.16625,0.0,107.0,0.0
2026-05-29 18:00:00,1.16624,1.16625,1.16617,1.16619,0.0,129.0,0.0
2026-05-29 18:01:00,1.16619,1.16626,1.16618,1.16623,0.0,79.0,0.0
2026-05-29 18:02:00,1.16623,1.1663000000000001,1.1662,1.16626,0.0,97.0,0.0
2026-05-29 18:03:00,1.16624,1.1663000000000001,1.16621,1.1663000000000001,0.0,100.0,0.0
2026-05-29 18:04:00,1.1663000000000001,1.16634,1.16623,1.16627,0.0,112.0,0.0
2026-05-29 18:05:00,1.16626,1.16629,1.16623,1.16624,0.0,34.0,0.0
2026-05-29 18:06:00,1.16624,1.16625,1.16619,1.16623,0.0,66.0,0.0
2026-05-29 18:07:00,1.16623,1.16634,1.16621,1.1663000000000001,0.0,67.0,0.0
2026-05-29 18:08:00,1.1663000000000001,1.16633,1.16623,1.16629,0.0,85.0,0.0
2026-05-29 18:09:00,1.16629,1.16632,1.16624,1.16631,0.0,28.0,0.0
2026-05-29 18:10:00,1.16631,1.16636,1.16628,1.16629,0.0,47.0,0.0
2026-05-29 18:11:00,1.16629,1.16643,1.16627,1.16642,0.0,55.0,0.0
2026-05-29 18:12:00,1.16642,1.16643,1.16634,1.16637,0.0,46.0,0.0
2026-05-29 18:13:00,1.16637,1.16638,1.16632,1.16636,0.0,37.0,0.0
2026-05-29 18:14:00,1.16637,1.16644,1.16635,1.16643,0.0,43.0,0.0
2026-05-29 18:15:00,1.16643,1.16648,1.1663999999999999,1.16646,0.0,59.0,0.0
2026-05-29 18:16:00,1.16647,1.16648,1.16636,1.16636,0.0,52.0,0.0
2026-05-29 18:17:00,1.16636,1.16639,1.16631,1.16636,0.0,58.0,0.0
2026-05-29 18:18:00,1.16636,1.16642,1.16626,1.16634,0.0,83.0,0.0
2026-05-29 18:19:00,1.16635,1.16652,1.16634,1.1665,0.0,79.0,0.0
2026-05-29 18:20:00,1.1665,1.16659,1.16639,1.16642,0.0,82.0,0.0
2026-05-29 18:21:00,1.16642,1.16644,1.16636,1.16644,0.0,66.0,0.0
2026-05-29 18:22:00,1.16645,1.16645,1.16635,1.16643,0.0,37.0,0.0
2026-05-29 18:23:00,1.16642,1.16643,1.16634,1.16638,0.0,57.0,0.0
2026-05-29 18:24:00,1.16638,1.16638,1.16624,1.16627,0.0,105.0,0.0
2026-05-29 18:25:00,1.16627,1.16637,1.16624,1.16632,0.0,90.0,0.0
2026-05-29 18:26:00,1.16631,1.16646,1.16629,1.16644,0.0,72.0,0.0
2026-05-29 18:27:00,1.16644,1.16653,1.16642,1.16651,0.0,64.0,0.0
2026-05-29 18:28:00,1.16651,1.16651,1.16635,1.16639,0.0,102.0,0.0
2026-05-29 18:29:00,1.16639,1.16647,1.16637,1.16646,0.0,109.0,0.0
2026-05-29 18:30:00,1.16646,1.16656,1.16646,1.16651,0.0,91.0,0.0
2026-05-29 18:31:00,1.16651,1.1666400000000001,1.1665,1.16662,0.0,51.0,0.0
2026-05-29 18:32:00,1.16662,1.16662,1.16656,1.16659,0.0,110.0,0.0
2026-05-29 18:33:00,1.16659,1.16668,1.16655,1.16666,0.0,109.0,0.0
2026-05-29 18:34:00,1.16666,1.16673,1.1666400000000001,1.16671,0.0,97.0,0.0
2026-05-29 18:35:00,1.16671,1.16673,1.1666,1.1666,0.0,70.0,0.0
2026-05-29 18:36:00,1.16661,1.16669,1.1666,1.16667,0.0,75.0,0.0
2026-05-29 18:37:00,1.16667,1.16673,1.16665,1.16672,0.0,53.0,0.0
2026-05-29 18:38:00,1.16671,1.16677,1.16667,1.1667399999999999,0.0,63.0,0.0
2026-05-29 18:39:00,1.1667399999999999,1.16687,1.1667399999999999,1.16682,0.0,60.0,0.0
2026-05-29 18:40:00,1.16683,1.16683,1.16677,1.16679,0.0,104.0,0.0
2026-05-29 18:41:00,1.1668,1.1668,1.16669,1.1667399999999999,0.0,107.0,0.0
2026-05-29 18:42:00,1.1667399999999999,1.16675,1.16651,1.16654,0.0,82.0,0.0
2026-05-29 18:43:00,1.16654,1.16659,1.1665,1.16652,0.0,69.0,0.0
2026-05-29 18:44:00,1.16652,1.16653,1.16644,1.16653,0.0,82.0,0.0
2026-05-29 18:45:00,1.16653,1.16653,1.16607,1.16621,0.0,171.0,0.0
2026-05-29 18:46:00,1.16621,1.16638,1.16616,1.16636,0.0,183.0,0.0
2026-05-29 18:47:00,1.16635,1.16654,1.16634,1.16652,0.0,137.0,0.0
2026-05-29 18:48:00,1.16652,1.16654,1.1663999999999999,1.16643,0.0,54.0,0.0
2026-05-29 18:49:00,1.16643,1.16652,1.1663999999999999,1.16641,0.0,92.0,0.0
2026-05-29 18:50:00,1.16641,1.16655,1.16639,1.16654,0.0,74.0,0.0
2026-05-29 18:51:00,1.16654,1.16658,1.16647,1.16651,0.0,68.0,0.0
2026-05-29 18:52:00,1.16653,1.16656,1.16649,1.16652,0.0,54.0,0.0
2026-05-29 18:53:00,1.16652,1.16667,1.16652,1.16667,0.0,42.0,0.0
2026-05-29 18:54:00,1.16667,1.16669,1.16661,1.16667,0.0,65.0,0.0
2026-05-29 18:55:00,1.16667,1.16673,1.16657,1.1667,0.0,120.0,0.0
2026-05-29 18:56:00,1.1667,1.16678,1.1667,1.1667399999999999,0.0,53.0,0.0
2026-05-29 18:57:00,1.1667399999999999,1.16678,1.16667,1.16672,0.0,45.0,0.0
2026-05-29 18:58:00,1.16672,1.16672,1.1666,1.16666,0.0,50.0,0.0
2026-05-29 18:59:00,1.16667,1.16667,1.16642,1.16643,0.0,109.0,0.0
2026-05-29 19:00:00,1.16642,1.16658,1.1663999999999999,1.16652,0.0,104.0,0.0
2026-05-29 19:01:00,1.16652,1.16663,1.1665,1.16663,0.0,61.0,0.0
2026-05-29 19:02:00,1.16663,1.16673,1.16657,1.16665,0.0,61.0,0.0
2026-05-29 19:03:00,1.1666400000000001,1.16673,1.16661,1.16671,0.0,88.0,0.0
2026-05-29 19:04:00,1.16671,1.16672,1.16662,1.16663,0.0,56.0,0.0
2026-05-29 19:05:00,1.16662,1.16676,1.16661,1.1667399999999999,0.0,58.0,0.0
2026-05-29 19:06:00,1.1667399999999999,1.16677,1.16672,1.16676,0.0,38.0,0.0
2026-05-29 19:07:00,1.16675,1.16687,1.1667399999999999,1.16683,0.0,89.0,0.0
2026-05-29 19:08:00,1.16684,1.16684,1.16678,1.16682,0.0,67.0,0.0
2026-05-29 19:09:00,1.16682,1.16692,1.16678,1.1669100000000001,0.0,86.0,0.0
2026-05-29 19:10:00,1.1669100000000001,1.16693,1.16682,1.16687,0.0,54.0,0.0
2026-05-29 19:11:00,1.16687,1.16693,1.16683,1.1669100000000001,0.0,64.0,0.0
2026-05-29 19:12:00,1.16692,1.16692,1.16682,1.16683,0.0,55.0,0.0
2026-05-29 19:13:00,1.16683,1.16685,1.16681,1.16683,0.0,39.0,0.0
2026-05-29 19:14:00,1.16682,1.16683,1.16677,1.1668,0.0,32.0,0.0
2026-05-29 19:15:00,1.1668,1.16683,1.1667399999999999,1.1668,0.0,30.0,0.0
2026-05-29 19:16:00,1.1668,1.16687,1.16679,1.16687,0.0,23.0,0.0
2026-05-29 19:17:00,1.16687,1.16688,1.16677,1.16679,0.0,42.0,0.0
2026-05-29 19:18:00,1.16679,1.16685,1.16678,1.16682,0.0,52.0,0.0
2026-05-29 19:19:00,1.16682,1.16683,1.16676,1.16676,0.0,62.0,0.0
2026-05-29 19:20:00,1.16676,1.16684,1.16675,1.16682,0.0,48.0,0.0
2026-05-29 19:21:00,1.16682,1.16694,1.1668,1.1669,0.0,51.0,0.0
2026-05-29 19:22:00,1.1669,1.16692,1.16687,1.16692,0.0,47.0,0.0
2026-05-29 19:23:00,1.16692,1.16693,1.16682,1.16685,0.0,73.0,0.0
2026-05-29 19:24:00,1.16685,1.16687,1.1667,1.16673,0.0,58.0,0.0
2026-05-29 19:25:00,1.16673,1.1667399999999999,1.16656,1.16656,0.0,78.0,0.0
2026-05-29 19:26:00,1.16656,1.16666,1.16655,1.16663,0.0,67.0,0.0
2026-05-29 19:27:00,1.16663,1.1667,1.1666,1.16667,0.0,58.0,0.0
2026-05-29 19:28:00,1.16667,1.16669,1.16662,1.16663,0.0,43.0,0.0
2026-05-29 19:29:00,1.16663,1.16681,1.1666,1.1668,0.0,47.0,0.0
2026-05-29 19:30:00,1.1668,1.16689,1.16679,1.1668,0.0,68.0,0.0
2026-05-29 19:31:00,1.1668,1.16688,1.16677,1.16685,0.0,64.0,0.0
2026-05-29 19:32:00,1.16685,1.16686,1.16675,1.1668,0.0,69.0,0.0
2026-05-29 19:33:00,1.16681,1.16681,1.16676,1.1668,0.0,102.0,0.0
2026-05-29 19:34:00,1.1668,1.16683,1.16675,1.16683,0.0,63.0,0.0
2026-05-29 19:35:00,1.16683,1.16688,1.16678,1.16686,0.0,56.0,0.0
2026-05-29 19:36:00,1.16686,1.16689,1.16679,1.1668,0.0,107.0,0.0
2026-05-29 19:37:00,1.1668,1.16681,1.16669,1.16669,0.0,61.0,0.0
2026-05-29 19:38:00,1.16669,1.1667,1.1666400000000001,1.16667,0.0,75.0,0.0
2026-05-29 19:39:00,1.16667,1.16673,1.16665,1.16672,0.0,48.0,0.0
2026-05-29 19:40:00,1.16672,1.16678,1.1667,1.16676,0.0,60.0,0.0
2026-05-29 19:41:00,1.16676,1.16682,1.16672,1.16678,0.0,58.0,0.0
2026-05-29 19:42:00,1.16678,1.16683,1.16676,1.16678,0.0,49.0,0.0
2026-05-29 19:43:00,1.16677,1.16679,1.16673,1.16676,0.0,46.0,0.0
2026-05-29 19:44:00,1.16676,1.1668,1.1667,1.16677,0.0,42.0,0.0
2026-05-29 19:45:00,1.16677,1.1668,1.16659,1.16663,0.0,72.0,0.0
2026-05-29 19:46:00,1.16661,1.16667,1.16653,1.16658,0.0,84.0,0.0
2026-05-29 19:47:00,1.16658,1.16671,1.16656,1.16669,0.0,82.0,0.0
2026-05-29 19:48:00,1.16669,1.16672,1.16662,1.16671,0.0,75.0,0.0
2026-05-29 19:49:00,1.16671,1.16672,1.16665,1.1667,0.0,55.0,0.0
2026-05-29 19:50:00,1.1667,1.16677,1.16666,1.16672,0.0,65.0,0.0
2026-05-29 19:51:00,1.1667399999999999,1.16675,1.16653,1.16662,0.0,93.0,0.0
2026-05-29 19:52:00,1.16662,1.16666,1.16657,1.16661,0.0,103.0,0.0
2026-05-29 19:53:00,1.16661,1.1667,1.16655,1.16658,0.0,67.0,0.0
2026-05-29 19:54:00,1.16657,1.16662,1.16655,1.16658,0.0,84.0,0.0
2026-05-29 19:55:00,1.16658,1.16668,1.16658,1.1666,0.0,100.0,0.0
2026-05-29 19:56:00,1.16659,1.16659,1.16651,1.16656,0.0,117.0,0.0
2026-05-29 19:57:00,1.16656,1.16657,1.16645,1.16651,0.0,138.0,0.0
2026-05-29 19:58:00,1.1665,1.16651,1.16638,1.16645,0.0,73.0,0.0
2026-05-29 19:59:00,1.16644,1.16648,1.1663999999999999,1.16646,0.0,134.0,0.0
2026-05-29 20:00:00,1.16646,1.1665,1.16637,1.16637,0.0,113.0,0.0
2026-05-29 20:01:00,1.16638,1.16642,1.16631,1.16637,0.0,103.0,0.0
2026-05-29 20:02:00,1.16635,1.16637,1.16628,1.16629,0.0,124.0,0.0
2026-05-29 20:03:00,1.1663000000000001,1.16633,1.16628,1.16631,0.0,74.0,0.0
2026-05-29 20:04:00,1.1663000000000001,1.16633,1.16627,1.16632,0.0,98.0,0.0
2026-05-29 20:05:00,1.16631,1.16634,1.16626,1.16627,0.0,88.0,0.0
2026-05-29 20:06:00,1.16626,1.16634,1.16624,1.16633,0.0,69.0,0.0
2026-05-29 20:07:00,1.16634,1.16642,1.16634,1.16639,0.0,50.0,0.0
2026-05-29 20:08:00,1.16639,1.16644,1.16639,1.16643,0.0,55.0,0.0
2026-05-29 20:09:00,1.16643,1.16643,1.16637,1.16639,0.0,38.0,0.0
2026-05-29 20:10:00,1.16639,1.16642,1.16625,1.16626,0.0,43.0,0.0
2026-05-29 20:11:00,1.16626,1.16626,1.16619,1.16622,0.0,40.0,0.0
2026-05-29 20:12:00,1.16622,1.16623,1.16617,1.16621,0.0,29.0,0.0
2026-05-29 20:13:00,1.16622,1.16626,1.16621,1.16626,0.0,29.0,0.0
2026-05-29 20:14:00,1.16625,1.16632,1.16623,1.16632,0.0,33.0,0.0
2026-05-29 20:15:00,1.16632,1.16633,1.16621,1.16621,0.0,35.0,0.0
2026-05-29 20:16:00,1.16621,1.16622,1.16615,1.16617,0.0,42.0,0.0
2026-05-29 20:17:00,1.16617,1.16618,1.1661,1.16612,0.0,41.0,0.0
2026-05-29 20:18:00,1.1661299999999999,1.1661299999999999,1.1661,1.16611,0.0,31.0,0.0
2026-05-29 20:19:00,1.16611,1.16614,1.16611,1.16611,0.0,39.0,0.0
2026-05-29 20:20:00,1.16611,1.16614,1.16611,1.1661299999999999,0.0,17.0,0.0
2026-05-29 20:21:00,1.1661299999999999,1.16616,1.16611,1.16612,0.0,15.0,0.0
2026-05-29 20:22:00,1.16611,1.16617,1.16611,1.16616,0.0,15.0,0.0
2026-05-29 20:23:00,1.16616,1.16616,1.1661,1.1661299999999999,0.0,38.0,0.0
2026-05-29 20:24:00,1.1661299999999999,1.16619,1.16609,1.16617,0.0,41.0,0.0
2026-05-29 20:25:00,1.16617,1.16617,1.16611,1.1661299999999999,0.0,35.0,0.0
2026-05-29 20:26:00,1.1661299999999999,1.16618,1.1661,1.16618,0.0,64.0,0.0
2026-05-29 20:27:00,1.16616,1.16617,1.16611,1.16614,0.0,36.0,0.0
2026-05-29 20:28:00,1.1661299999999999,1.16617,1.16611,1.16616,0.0,44.0,0.0
2026-05-29 20:29:00,1.16616,1.16617,1.16611,1.16614,0.0,64.0,0.0
2026-05-29 20:30:00,1.16614,1.16614,1.1661,1.16611,0.0,70.0,0.0
2026-05-29 20:31:00,1.16611,1.16612,1.16606,1.16612,0.0,67.0,0.0
2026-05-29 20:32:00,1.1661299999999999,1.16617,1.1661,1.16616,0.0,74.0,0.0
2026-05-29 20:33:00,1.16615,1.16619,1.1661299999999999,1.16614,0.0,40.0,0.0
2026-05-29 20:34:00,1.16612,1.16618,1.16611,1.16616,0.0,34.0,0.0
2026-05-29 20:35:00,1.16616,1.16622,1.1661299999999999,1.16621,0.0,73.0,0.0
2026-05-29 20:36:00,1.16621,1.16623,1.16618,1.16619,0.0,36.0,0.0
2026-05-29 20:37:00,1.16618,1.16621,1.1661299999999999,1.16614,0.0,78.0,0.0
2026-05-29 20:38:00,1.16614,1.16614,1.16611,1.16612,0.0,33.0,0.0
2026-05-29 20:39:00,1.16612,1.16617,1.16605,1.16608,0.0,25.0,0.0
2026-05-29 20:40:00,1.16607,1.16612,1.16604,1.16611,0.0,58.0,0.0
2026-05-29 20:41:00,1.16611,1.16612,1.16607,1.16611,0.0,44.0,0.0
2026-05-29 20:42:00,1.16611,1.16616,1.16611,1.16615,0.0,42.0,0.0
2026-05-29 20:43:00,1.16615,1.16617,1.16611,1.16615,0.0,51.0,0.0
2026-05-29 20:44:00,1.16615,1.16625,1.16611,1.1662,0.0,57.0,0.0
2026-05-29 20:45:00,1.1662,1.1662,1.16609,1.16611,0.0,87.0,0.0
2026-05-29 20:46:00,1.16612,1.1661299999999999,1.16606,1.1661,0.0,107.0,0.0
2026-05-29 20:47:00,1.16611,1.16614,1.1661,1.1661299999999999,0.0,73.0,0.0
2026-05-29 20:48:00,1.1661299999999999,1.1661299999999999,1.16605,1.16606,0.0,37.0,0.0
2026-05-29 20:49:00,1.16606,1.16612,1.16606,1.16608,0.0,30.0,0.0
2026-05-29 20:50:00,1.16608,1.16616,1.16608,1.1661299999999999,0.0,74.0,0.0
2026-05-29 20:51:00,1.16612,1.1661299999999999,1.16605,1.16607,0.0,70.0,0.0
2026-05-29 20:52:00,1.16607,1.16608,1.16595,1.1660300000000001,0.0,79.0,0.0
2026-05-29 20:53:00,1.1660300000000001,1.16604,1.16598,1.166,0.0,45.0,0.0
2026-05-29 20:54:00,1.166,1.166,1.16595,1.16597,0.0,57.0,0.0
