time,open,high,low,close,volume
2026-05-09 07:06:50.687413,1.08,1.0817708509080552,1.0784027694062688,1.0817708509080552,3121
2026-05-09 08:06:50.687413,1.0789877239939734,1.082347130355441,1.077879754607857,1.0807286931938844,1426
2026-05-09 09:06:50.687413,1.0783352140574585,1.0795254596322539,1.0773282465105978,1.0779727888276291,5302
2026-05-09 10:06:50.687413,1.0771741995290907,1.0817542280485255,1.072911185850897,1.0774187244179765,4468
2026-05-09 11:06:50.687413,1.0761808310890213,1.0778567556244965,1.0761674160010775,1.0765492353894632,7705
2026-05-09 12:06:50.687413,1.0768264460793375,1.0803337273517495,1.0749090134171408,1.0766519655581845,7433
2026-05-09 13:06:50.687413,1.0743116116056444,1.075520381209088,1.0715444314173819,1.075520381209088,7524
2026-05-09 14:06:50.687413,1.0733477101281474,1.074489526939229,1.0724096796873632,1.074489526939229,4472
2026-05-09 15:06:50.687413,1.0723477873777187,1.075059006164287,1.0708318716272092,1.0715488562733937,1386
2026-05-09 16:06:50.687413,1.0714855097117661,1.0727547478163177,1.0694789488321477,1.0727547478163177,6315
2026-05-09 17:06:50.687413,1.0716493967601932,1.074071270106045,1.0705035024824916,1.0705035024824916,5095
2026-05-09 18:06:50.687413,1.0716577926109883,1.0733971083445464,1.0702716642947874,1.071622687722087,3279
2026-05-09 19:06:50.687413,1.0745668632625829,1.075480284399088,1.0745143573760008,1.0746754235205176,5203
2026-05-09 20:06:50.687413,1.072676547717646,1.0737429535793477,1.0700330890923322,1.0700330890923322,5285
2026-05-09 21:06:50.687413,1.071373032827464,1.0714082548050858,1.0693844458431603,1.0706517419904453,3101
2026-05-09 22:06:50.687413,1.071289503893193,1.072959154897311,1.0711166410230162,1.0715016641954174,7097
2026-05-09 23:06:50.687413,1.0716846502534063,1.0762322504589317,1.0712902474645176,1.0729460549195975,6799
2026-05-10 00:06:50.687413,1.0713643493688434,1.0737999736868886,1.0711912148337555,1.0718511370694628,5833
2026-05-10 01:06:50.687413,1.071385865799296,1.0723999317608246,1.0710495423840807,1.07198778318267,7916
2026-05-10 02:06:50.687413,1.069328119099199,1.0711216161016006,1.0659830562255876,1.0698513196752861,6082
2026-05-10 03:06:50.687413,1.0690845759298693,1.0700198279312407,1.0687631143638419,1.0700198279312407,136
2026-05-10 04:06:50.687413,1.069411032695212,1.0705471691309556,1.0683067865774993,1.0683067865774993,1751
2026-05-10 05:06:50.687413,1.068229071876232,1.0694110538587875,1.066768517281562,1.068573587402152,1267
2026-05-10 06:06:50.687413,1.0658215099092665,1.0664518651946489,1.0656813713834767,1.0663417558719437,6195
2026-05-10 07:06:50.687413,1.0677698395925959,1.0678340274782028,1.0652649509812393,1.0676030421921572,3474
2026-05-10 08:06:50.687413,1.0694653425048406,1.0709465836782195,1.068351617968751,1.0692567968026694,3343
2026-05-10 09:06:50.687413,1.0685968857443076,1.070606243189524,1.0652345512275732,1.070606243189524,6601
2026-05-10 10:06:50.687413,1.0681764254494943,1.068671927112802,1.0670081231201454,1.0670081231201454,5575
2026-05-10 11:06:50.687413,1.067237927514743,1.069241482277364,1.0662381965381384,1.067667398593831,7969
2026-05-10 12:06:50.687413,1.0684104641106873,1.068908208000343,1.06821483397981,1.0689044218699744,1500
2026-05-10 13:06:50.687413,1.0683633581261565,1.0687570212404442,1.0650585226982077,1.067047764042135,8975
2026-05-10 14:06:50.687413,1.068144453678823,1.0707397018391824,1.0665376346125417,1.0670796955422368,2254
2026-05-10 15:06:50.687413,1.0687257383289648,1.0697347793275969,1.0677422172809983,1.0697347793275969,9001
2026-05-10 16:06:50.687413,1.0674195906423527,1.0705055669810133,1.0662677658108994,1.0662677658108994,1638
2026-05-10 17:06:50.687413,1.066287342912737,1.0678931043566002,1.0616580291999151,1.0654244557366266,2342
2026-05-10 18:06:50.687413,1.0666498615209894,1.0679888814328518,1.0660683117116363,1.0665084715328073,2386
2026-05-10 19:06:50.687413,1.0654212790342383,1.0663784261488698,1.0641211783130264,1.0656219653114356,4572
2026-05-10 20:06:50.687413,1.064300119320513,1.066618687696144,1.0624067387915572,1.066618687696144,7749
2026-05-10 21:06:50.687413,1.0656252014593421,1.0687558163845792,1.0646466659210483,1.0663295801987949,7731
2026-05-10 22:06:50.687413,1.0670787113569022,1.0695500940473917,1.0670606661424233,1.0678669054165744,3599
2026-05-10 23:06:50.687413,1.0666570785629665,1.068254289064985,1.0658248599274935,1.068254289064985,6669
2026-05-11 00:06:50.687413,1.0667100625791297,1.0698691199180235,1.0666479060025675,1.0667586764383072,1248
2026-05-11 01:06:50.687413,1.0679048556676762,1.06814470620738,1.066441517333832,1.0673543372466734,2361
2026-05-11 02:06:50.687413,1.0673003029102224,1.0691244871028165,1.0669004795255619,1.0691244871028165,2431
2026-05-11 03:06:50.687413,1.066966004930782,1.0688934356728244,1.0667905755315827,1.0678017624384748,1742
2026-05-11 04:06:50.687413,1.0652574216001618,1.066293583111737,1.0637977056424819,1.0648706151658875,1787
2026-05-11 05:06:50.687413,1.0636662290456464,1.06843462201155,1.061991837263162,1.064137845729876,4939
2026-05-11 06:06:50.687413,1.0628736007400712,1.0635118965155297,1.061771395568453,1.061771395568453,4938
2026-05-11 07:06:50.687413,1.0633033657534872,1.0640677540844512,1.0622867010290684,1.0640677540844512,8478
2026-05-11 08:06:50.687413,1.0616168214807578,1.0624656308437854,1.0587093000708288,1.0617763626953425,1908
2026-05-11 09:06:50.687413,1.0617427669815689,1.0629262296931123,1.0586364808628619,1.0629262296931123,4169
2026-05-11 10:06:50.687413,1.0617469343130694,1.0619917340948164,1.0586003313245567,1.0617776586709788,4191
2026-05-11 11:06:50.687413,1.0624275663711416,1.0629055926830984,1.0604356004174558,1.062403974509191,3220
2026-05-11 12:06:50.687413,1.0631048202074243,1.0646168383537942,1.062594590356073,1.0635389624528089,1063
2026-05-11 13:06:50.687413,1.0639460896104667,1.065292990478224,1.0601027202585747,1.0630585983301974,8747
2026-05-11 14:06:50.687413,1.0648906785852859,1.0666314770726715,1.0634964741658184,1.0646255729307883,9568
2026-05-11 15:06:50.687413,1.0661779182738873,1.0667471500377965,1.0643013239732777,1.0667471500377965,6853
2026-05-11 16:06:50.687413,1.0656152492855573,1.0670716805007152,1.0648709087747392,1.065769908139651,7288
2026-05-11 17:06:50.687413,1.064929754417314,1.0657967907938082,1.0621732486278,1.06453225391523,6280
2026-05-11 18:06:50.687413,1.0673364886335854,1.0694151658022475,1.067272339382589,1.0689386032164947,2660
2026-05-11 19:06:50.687413,1.0669919432370403,1.0677504325072824,1.0655242389454767,1.0677504325072824,5415
2026-05-11 20:06:50.687413,1.0675691260986209,1.0680270963997087,1.065317441496833,1.0674657033378965,8600
2026-05-11 21:06:50.687413,1.068627071216907,1.0692955331926897,1.0647804180054485,1.068268410441431,5666
2026-05-11 22:06:50.687413,1.0710220032009166,1.0736170938249057,1.0699171250140673,1.070005281238227,7692
2026-05-11 23:06:50.687413,1.0704263411601542,1.073634232649175,1.0696011764971123,1.0697511455875874,7083
2026-05-12 00:06:50.687413,1.0684138688157756,1.0693551440961742,1.0669845038941095,1.0689341124628653,5418
2026-05-12 01:06:50.687413,1.069657276868005,1.0724184019336653,1.0687899533762242,1.0697762587489492,1242
2026-05-12 02:06:50.687413,1.0683729574754872,1.069976224894923,1.0676786630762396,1.0676786630762396,9111
2026-05-12 03:06:50.687413,1.0685800190124897,1.069694713469327,1.0681674617422137,1.0684435851794931,1484
2026-05-12 04:06:50.687413,1.0689729250622493,1.0732865810221823,1.0668627828487565,1.069979637573711,4745
2026-05-12 05:06:50.687413,1.0690002499255125,1.0718586240248393,1.0680851899603594,1.0680851899603594,3672
2026-05-12 06:06:50.687413,1.0690262964136557,1.0704853812327477,1.0688536227943335,1.069694248168007,9677
2026-05-12 07:06:50.687413,1.0686161335757705,1.0700734904859885,1.066516333215856,1.0682652788607832,7279
2026-05-12 08:06:50.687413,1.0700010215653168,1.0715617553094874,1.0690263968654075,1.0715617553094874,4796
2026-05-12 09:06:50.687413,1.070226354988755,1.0717255262108842,1.0668601043016908,1.0698705702814681,5477
2026-05-12 10:06:50.687413,1.0706766428184005,1.0723734076930247,1.0692993232207486,1.0698604345185452,2816
2026-05-12 11:06:50.687413,1.0711562628243239,1.071276276954415,1.0695332617061406,1.0704386311390695,2365
2026-05-12 12:06:50.687413,1.0706204945058246,1.0712946014628506,1.0670969348675585,1.0704382473233935,9755
2026-05-12 13:06:50.687413,1.0707986962982714,1.072493780675886,1.0695806893250004,1.071273663654195,8669
2026-05-12 14:06:50.687413,1.0708349441447729,1.0729731827332756,1.0676810365477782,1.0729731827332756,4735
2026-05-12 15:06:50.687413,1.0701740709617513,1.0725267731378052,1.0695256968597011,1.0695256968597011,849
2026-05-12 16:06:50.687413,1.0708173554375031,1.0737726224216317,1.0653335176430272,1.0695611181295661,7764
2026-05-12 17:06:50.687413,1.070147112270236,1.071646975749007,1.070110165962796,1.0705865455247685,7632
2026-05-12 18:06:50.687413,1.0692018276112445,1.072249098098396,1.0672522340158375,1.068487739875282,1029
2026-05-12 19:06:50.687413,1.0688704178256105,1.0701915822011154,1.0688050246355287,1.0690312890035123,1988
2026-05-12 20:06:50.687413,1.0689862185270558,1.0699307858188378,1.0645988393255765,1.069392939375922,3430
2026-05-12 21:06:50.687413,1.0697847703142505,1.0736850947923082,1.0687689430861107,1.0694229526328602,5448
2026-05-12 22:06:50.687413,1.0692157216537765,1.0696012693494403,1.0669119495636301,1.0685488692731238,4108
2026-05-12 23:06:50.687413,1.070029641627788,1.0708682053958813,1.068882805221943,1.0708682053958813,3372
2026-05-13 00:06:50.687413,1.0704940093454078,1.0714041008176278,1.0701038662503815,1.0701227801235278,434
2026-05-13 01:06:50.687413,1.0689101365330858,1.0703915504986972,1.0626241747518994,1.0703915504986972,6891
2026-05-13 02:06:50.687413,1.069929239707933,1.0711268128449598,1.0657745032767363,1.0708078661309488,5881
2026-05-13 03:06:50.687413,1.0684494996497598,1.068825240025103,1.066756842211061,1.067804413214069,8708
2026-05-13 04:06:50.687413,1.0678114198857236,1.070580048609699,1.065240946927569,1.0686159507388007,6408
2026-05-13 05:06:50.687413,1.0694571760848146,1.0723580769558796,1.0676694630351884,1.068250692159913,5565
2026-05-13 06:06:50.687413,1.0688026288964227,1.0712670708118532,1.0670186116706486,1.0685435933349412,9574
2026-05-13 07:06:50.687413,1.0679722526391782,1.0720346776927758,1.0666080437980772,1.0678125065459687,6244
2026-05-13 08:06:50.687413,1.069950807255731,1.0715514306684406,1.069077682324661,1.069495463994599,1376
2026-05-13 09:06:50.687413,1.0690164584920263,1.0707986540240133,1.0657532892181745,1.0668609247969434,6788
2026-05-13 10:06:50.687413,1.0691647581975785,1.0711480778359759,1.0634307137325938,1.0696814823620309,683
2026-05-13 11:06:50.687413,1.0703244367965816,1.071326027393624,1.0688702647760822,1.0688702647760822,3093
2026-05-13 12:06:50.687413,1.0712802239445502,1.0724152704677041,1.0681088219597912,1.0714487962596837,470
2026-05-13 13:06:50.687413,1.0715365116213662,1.0717634797705315,1.0683670891353847,1.0716064665717246,7160
2026-05-13 14:06:50.687413,1.0717857759526153,1.0750881246532007,1.0700659152676015,1.0704217975983916,132
2026-05-13 15:06:50.687413,1.0718934970924827,1.0755916920103716,1.068594315044521,1.0710517250867144,2123
2026-05-13 16:06:50.687413,1.0734479547964326,1.0755833675595747,1.0723451513624274,1.0737057620962496,4938
2026-05-13 17:06:50.687413,1.0730168985143265,1.0769007304666696,1.0725705857477301,1.0726538774412404,645
2026-05-13 18:06:50.687413,1.0725806965584557,1.0746318441115794,1.072254310806128,1.0742224544543606,7261
2026-05-13 19:06:50.687413,1.0697462352491038,1.070602419179011,1.06864084704464,1.0691418483098716,7795
2026-05-13 20:06:50.687413,1.070220507986081,1.0729487802810438,1.064668049057956,1.0701778870792715,7802
2026-05-13 21:06:50.687413,1.0706502804489364,1.0717093420112753,1.0699642420735371,1.0710615912522308,756
2026-05-13 22:06:50.687413,1.0723957180382093,1.072835160718673,1.070327877263713,1.070327877263713,295
2026-05-13 23:06:50.687413,1.0727856354798537,1.0761870335193862,1.0699535458497835,1.073852649235608,3849
2026-05-14 00:06:50.687413,1.0719507359460871,1.0747172327931915,1.069910575453625,1.0720714087291923,4651
2026-05-14 01:06:50.687413,1.0716637545720114,1.072275860626697,1.0713690738270605,1.0713690738270605,8430
2026-05-14 02:06:50.687413,1.0694704863598512,1.0708550630791638,1.0683591645188855,1.0708550630791638,6742
2026-05-14 03:06:50.687413,1.0714639287173024,1.0735601680684468,1.0708964046608351,1.072220336941595,1801
2026-05-14 04:06:50.687413,1.072873790571414,1.0736834308619214,1.0694749599335365,1.0725664939377173,8947
2026-05-14 05:06:50.687413,1.0738535003020415,1.07809638372523,1.071613028398809,1.072693963909942,4834
2026-05-14 06:06:50.687413,1.0735561871523198,1.0746961805889055,1.0682453996354595,1.0733710260212947,7926
2026-05-14 07:06:50.687413,1.073355113455561,1.075312146341343,1.072352376116941,1.0737671871561556,1494
2026-05-14 08:06:50.687413,1.0745094718629893,1.0752213926369047,1.0720845690451521,1.0752213926369047,4142
2026-05-14 09:06:50.687413,1.07478402551702,1.0785961691887456,1.072300216566623,1.0747698058916688,3193
2026-05-14 10:06:50.687413,1.074262823725612,1.0752841657270051,1.073058206210348,1.0737010813745023,5810
2026-05-14 11:06:50.687413,1.0742885274399698,1.07655114803842,1.073606718758612,1.075647656796025,7185
2026-05-14 12:06:50.687413,1.0725886774338829,1.0726072726381775,1.0703174516243459,1.0723870903248494,5208
2026-05-14 13:06:50.687413,1.0698050787629048,1.0702714398954052,1.069399010497422,1.070105361585114,8722
2026-05-14 14:06:50.687413,1.0691006250466213,1.0701936170207358,1.0669276759127162,1.0694179288253503,8217
2026-05-14 15:06:50.687413,1.0671946154778658,1.068396748346331,1.065577281946918,1.067414867515653,5994
2026-05-14 16:06:50.687413,1.0682684600562944,1.0730142200550046,1.0677622666588786,1.0677622666588786,3713
2026-05-14 17:06:50.687413,1.0671487994795887,1.0690290134832068,1.0668689984462028,1.0685638726372704,3133
2026-05-14 18:06:50.687413,1.064999907178238,1.0669090776981933,1.0593292920086648,1.0631756248234714,7779
2026-05-14 19:06:50.687413,1.0649633481064646,1.0652770993441982,1.0649475761450966,1.0652474828432732,4926
2026-05-14 20:06:50.687413,1.0629475500532894,1.0651148561290573,1.062553440960392,1.062798592441958,7391
2026-05-14 21:06:50.687413,1.064345685917196,1.0675891968525095,1.0626239704095302,1.0645408210850842,224
2026-05-14 22:06:50.687413,1.0639955370741003,1.064128745825897,1.062907003443131,1.0635307781275467,3004
2026-05-14 23:06:50.687413,1.0635072251297486,1.0640105916025864,1.062602989114755,1.0626914760913815,9266
2026-05-15 00:06:50.687413,1.0639822944814536,1.0656806183745604,1.0613396604363932,1.063842004615781,2175
2026-05-15 01:06:50.687413,1.0637572270989868,1.0644778923775187,1.0629980395240497,1.0644778923775187,2988
2026-05-15 02:06:50.687413,1.0625547621963622,1.0658052447235475,1.0599110985067346,1.0623242119224299,5437
2026-05-15 03:06:50.687413,1.0622495939237533,1.0639870386589292,1.061423420848896,1.061423420848896,4945
2026-05-15 04:06:50.687413,1.0623966811940213,1.0641778100872894,1.05998742487371,1.062862154677499,9965
2026-05-15 05:06:50.687413,1.062405609414596,1.0646319452317163,1.0611218529445574,1.0624203140569792,519
2026-05-15 06:06:50.687413,1.062836848168707,1.0652507074723867,1.0575865726100255,1.0634201615347147,7908
2026-05-15 07:06:50.687413,1.0626276636395267,1.062971444497832,1.0623262009013257,1.0623262009013257,9864
2026-05-15 08:06:50.687413,1.0630528588572508,1.0635685349374842,1.0618414535192484,1.0632680792477838,1423
2026-05-15 09:06:50.687413,1.0627311163839677,1.0650929648057599,1.0604302669671248,1.0623014791447125,4204
2026-05-15 10:06:50.687413,1.0613358982312984,1.0618177853673012,1.0592818901544472,1.0592818901544472,5547
2026-05-15 11:06:50.687413,1.0606245785017998,1.0607490887877469,1.0592201896611078,1.0600480792171902,5374
2026-05-15 12:06:50.687413,1.0626712705684656,1.06511656173191,1.060999391733161,1.06511656173191,1966
2026-05-15 13:06:50.687413,1.0635553996034102,1.0637476095520406,1.0627129796014796,1.0627129796014796,7883
2026-05-15 14:06:50.687413,1.0658497648099308,1.068805628611054,1.0657093258194885,1.0657093258194885,7171
2026-05-15 15:06:50.687413,1.0656670005174682,1.0685066013310753,1.063747688026,1.0648058533944378,1259
2026-05-15 16:06:50.687413,1.0652468512851323,1.0654207662529334,1.0609939565704494,1.064431770971195,6874
2026-05-15 17:06:50.687413,1.0643982187721954,1.0651678329194552,1.0605652863424233,1.063782697282044,7082
2026-05-15 18:06:50.687413,1.0632073103950572,1.0646799242599791,1.0619963558914791,1.062213045104027,7331
2026-05-15 19:06:50.687413,1.0625978588826412,1.0633969366300267,1.0597607639029276,1.0616876564531184,5168
2026-05-15 20:06:50.687413,1.0625054892234223,1.0657290293860266,1.0596667987659831,1.0629991005096557,5832
2026-05-15 21:06:50.687413,1.0622354468754467,1.0636139830739657,1.0586923914218993,1.0636139830739657,5994
2026-05-15 22:06:50.687413,1.0615580478481697,1.0640770014773422,1.058509255902377,1.061980775870092,374
2026-05-15 23:06:50.687413,1.0596345067415551,1.059784867141405,1.0591202726325928,1.0592763017839824,6610
2026-05-16 00:06:50.687413,1.0598128089845282,1.0606767446570726,1.058424375088025,1.0600624488887425,8382
2026-05-16 01:06:50.687413,1.059903572084263,1.0615695845735909,1.0580106933155133,1.0580106933155133,1384
2026-05-16 02:06:50.687413,1.0593831877561057,1.0611672903017508,1.0588179086285472,1.0604907888614437,9701
2026-05-16 03:06:50.687413,1.0590055504024611,1.0611688467136005,1.0567267888539278,1.0596792386269847,148
2026-05-16 04:06:50.687413,1.0595737186712164,1.060640540671304,1.058097631050386,1.0590021863962586,1436
2026-05-16 05:06:50.687413,1.0586310064518916,1.0588058759114898,1.0570285355111415,1.0570285355111415,2673
2026-05-16 06:06:50.687413,1.0593315547325535,1.0597649310029742,1.0575190459508002,1.0575190459508002,4692
2026-05-16 07:06:50.687413,1.059168674748941,1.0620413377102893,1.0567142106840948,1.0584164085574814,2825
2026-05-16 08:06:50.687413,1.0585789949814053,1.0614871595269246,1.0550600584996501,1.0579023911773706,718
2026-05-16 09:06:50.687413,1.057243129161071,1.0594216379262593,1.0567614857499443,1.057728352203071,5296
2026-05-16 10:06:50.687413,1.057670211396156,1.057921915409095,1.0553502592825295,1.0559413344748176,3219
2026-05-16 11:06:50.687413,1.05919273521809,1.0592863627707754,1.0569459795361082,1.0580821800407108,7305
2026-05-16 12:06:50.687413,1.0588160180335322,1.0597360328486576,1.0558692742880176,1.0590136043487204,2550
2026-05-16 13:06:50.687413,1.0582468155924458,1.060690316790718,1.0566593768960115,1.0575899653817218,9293
2026-05-16 14:06:50.687413,1.0572875454364177,1.0593120577832718,1.0572848184312116,1.0573920415463187,6965
2026-05-16 15:06:50.687413,1.057331930369564,1.0585670118390993,1.0551209375748285,1.056371044664189,4761
2026-05-16 16:06:50.687413,1.057626608478088,1.063327356618238,1.0555653659996997,1.0577695877292548,8357
2026-05-16 17:06:50.687413,1.0564588342029473,1.0594638885713565,1.0551214976032421,1.0565554825535204,7314
2026-05-16 18:06:50.687413,1.0580170718433974,1.05888078815793,1.057998323207132,1.05888078815793,9620
2026-05-16 19:06:50.687413,1.0575897783732306,1.0591256693660818,1.057296111948525,1.058921533167957,7564
2026-05-16 20:06:50.687413,1.0589734957414998,1.0609794657267997,1.0574571876520804,1.0591212447774312,7155
2026-05-16 21:06:50.687413,1.0576961521866686,1.0593834354679197,1.057339036130758,1.059075017470189,5106
2026-05-16 22:06:50.687413,1.055714488367627,1.0573321104666187,1.0520445958971791,1.0560837705521446,3588
2026-05-16 23:06:50.687413,1.0553485395637017,1.0569679835640988,1.0524997247707404,1.0566767891243738,3523
2026-05-17 00:06:50.687413,1.0548240436287593,1.0552734379444506,1.052036886663833,1.0534300247313182,9102
2026-05-17 01:06:50.687413,1.0549987688417495,1.0565918891659543,1.0521702471565189,1.0553145254984102,9106
2026-05-17 02:06:50.687413,1.0560526773011096,1.0564766546030382,1.0529719173742629,1.055447196044756,5337
2026-05-17 03:06:50.687413,1.0564678303943154,1.0576036414559222,1.0564638188434803,1.0576036414559222,8936
2026-05-17 04:06:50.687413,1.0577674869439977,1.0612719408097424,1.0558014417831738,1.0573217214332138,5376
2026-05-17 05:06:50.687413,1.0578085039735474,1.0586471234620198,1.057741553542469,1.0586471234620198,2452
2026-05-17 06:06:50.687413,1.0572790030030859,1.0623074151741974,1.0551791752251498,1.0575880536624895,2177
2026-05-17 07:06:50.687413,1.0579688142429133,1.059076742624557,1.0569928554385535,1.057359013587027,882
2026-05-17 08:06:50.687413,1.0580036473045915,1.0589288913073451,1.0568385621105645,1.057471600706005,3730
2026-05-17 09:06:50.687413,1.059319006006172,1.0603880758429902,1.0579997185566015,1.0601084977841035,4406
2026-05-17 10:06:50.687413,1.0596435231779344,1.0619305885679398,1.0596176472606886,1.0610088134208335,4649
2026-05-17 11:06:50.687413,1.0602951801307643,1.0632262165490332,1.0593368895153323,1.0603572674181545,1379
2026-05-17 12:06:50.687413,1.0587075011117417,1.059882788209393,1.0577185018422621,1.0597184126966186,1362
2026-05-17 13:06:50.687413,1.0587684370967394,1.0600413027617623,1.0568767827655032,1.059947616466794,701
2026-05-17 14:06:50.687413,1.056028217070388,1.0604173023386434,1.0554476680173581,1.0554476680173581,1463
2026-05-17 15:06:50.687413,1.056054041499305,1.0563086942856135,1.0551439856937874,1.0553621819959629,5165
2026-05-17 16:06:50.687413,1.056615165948921,1.0591687665590381,1.055437975180786,1.055437975180786,5384
2026-05-17 17:06:50.687413,1.056928034012314,1.0570461022505802,1.0561582497107367,1.056588595695748,4466
2026-05-17 18:06:50.687413,1.0569546592329107,1.0590260796369557,1.054881113203781,1.054881113203781,7734
2026-05-17 19:06:50.687413,1.0577147034581817,1.06174689285111,1.0570931379954163,1.0592530309471688,4028
2026-05-17 20:06:50.687413,1.0575688046396303,1.0578201324952616,1.0558713511478683,1.0578201324952616,5621
2026-05-17 21:06:50.687413,1.0574527512344565,1.0583121232896198,1.0571104460812617,1.0583121232896198,8164
2026-05-17 22:06:50.687413,1.0583281087635212,1.0597522646782866,1.0548260271191943,1.0580326299103524,2967
2026-05-17 23:06:50.687413,1.0585405272038417,1.0595010138117729,1.0582173983360996,1.058732351258084,2704
2026-05-18 00:06:50.687413,1.0587491583183273,1.0611172351359044,1.0564484694174974,1.05976323269423,6789
2026-05-18 01:06:50.687413,1.0574152615276922,1.059371102288502,1.054279166690982,1.059371102288502,8508
2026-05-18 02:06:50.687413,1.0583608264656228,1.0591417223578403,1.057678405643399,1.0591417223578403,3184
2026-05-18 03:06:50.687413,1.0578851189190333,1.0589195624004686,1.0560432983566619,1.0589195624004686,8583
2026-05-18 04:06:50.687413,1.0581105908040978,1.060437901395983,1.0571355182274693,1.058843004318459,2625
2026-05-18 05:06:50.687413,1.0578567214019978,1.0579328558421197,1.0571092865188498,1.0576702570336627,5200
2026-05-18 06:06:50.687413,1.057359513241443,1.0647348766541584,1.0565540905284736,1.056681313481014,5214
2026-05-18 07:06:50.687413,1.057040629177118,1.057208664144098,1.0553583728705285,1.057208664144098,6930
2026-05-18 08:06:50.687413,1.056875012745792,1.0610469999677337,1.0556964352005787,1.05633988512399,4884
2026-05-18 09:06:50.687413,1.0571073141700378,1.0601758028611332,1.0558860596113873,1.0576498566124362,8796
2026-05-18 10:06:50.687413,1.0565974718069968,1.0569056042555387,1.0559357737828161,1.0563343228246869,927
2026-05-18 11:06:50.687413,1.0553334633837095,1.0583569486093372,1.0541997782847345,1.0550175037110612,7702
2026-05-18 12:06:50.687413,1.0547456565274897,1.0562661473323411,1.0523380357248595,1.0547637985327887,1207
2026-05-18 13:06:50.687413,1.055520214966433,1.0609192544685178,1.0515137367032745,1.054898348841285,3763
2026-05-18 14:06:50.687413,1.0556376565292318,1.057293443587426,1.0528952344547335,1.057215665663948,2943
2026-05-18 15:06:50.687413,1.0564991960183667,1.0588244375037072,1.0532165785693366,1.0588244375037072,1963
2026-05-18 16:06:50.687413,1.0544455137305297,1.058152836749965,1.0520451549142746,1.0555397816821188,9600
2026-05-18 17:06:50.687413,1.0568493067760736,1.0602043546975615,1.055864496540589,1.056086322767501,4853
2026-05-18 18:06:50.687413,1.0572950066143105,1.0582827492218054,1.0568885661101561,1.057322420976273,6060
2026-05-18 19:06:50.687413,1.0586931784654683,1.0610105581023017,1.0574804121516075,1.0574804121516075,7348
2026-05-18 20:06:50.687413,1.0556374188469364,1.0573881153625142,1.0544295242285635,1.055740800294625,2515
2026-05-18 21:06:50.687413,1.0573229561825963,1.0589257217037962,1.0564627494354553,1.0564627494354553,7198
2026-05-18 22:06:50.687413,1.0589617538950993,1.0602527278538034,1.0522537317402763,1.0602527278538034,9730
2026-05-18 23:06:50.687413,1.0595055515037544,1.0613970368135694,1.0550164352479272,1.0596978626945939,4150
2026-05-19 00:06:50.687413,1.0575516449451974,1.0599504446878933,1.0563102304525072,1.058612319827325,5857
2026-05-19 01:06:50.687413,1.0559603723400315,1.0575728546023173,1.0541181681269591,1.0563537047710065,4491
2026-05-19 02:06:50.687413,1.054617085572915,1.0548268496387843,1.0523122953353123,1.0523122953353123,6141
2026-05-19 03:06:50.687413,1.0545930160463186,1.0564647270329643,1.0524426011566983,1.053954590916467,6124
2026-05-19 04:06:50.687413,1.0549562756930841,1.0575710668521905,1.0530991004392265,1.0550143314101628,1430
2026-05-19 05:06:50.687413,1.0552180038226235,1.0553170088631971,1.0535981833653996,1.0542724580969713,6888
2026-05-19 06:06:50.687413,1.0548015972505138,1.056042853093407,1.0523286530643021,1.0527954438739164,2586
2026-05-19 07:06:50.687413,1.0555287108384506,1.0570449777973872,1.0530687000995762,1.0530687000995762,5770
2026-05-19 08:06:50.687413,1.056068117186935,1.0591436446748885,1.0545965638014931,1.0577157229163225,9511
2026-05-19 09:06:50.687413,1.0566280900534923,1.057683385405998,1.0554508682236643,1.0554508682236643,5347
2026-05-19 10:06:50.687413,1.0583028967070276,1.058894921549274,1.0564904257101841,1.058894921549274,1571
2026-05-19 11:06:50.687413,1.059607299688691,1.0618119000117492,1.0577516175937858,1.0607431002905505,9872
2026-05-19 12:06:50.687413,1.0609466358965571,1.061097167549896,1.0581673941326213,1.06045103276771,5661
2026-05-19 13:06:50.687413,1.061693513617318,1.0639240885986219,1.0605022225906544,1.063309692841239,3106
2026-05-19 14:06:50.687413,1.062911637085529,1.0662332143805757,1.0593375052533538,1.0613232997653261,1704
2026-05-19 15:06:50.687413,1.0627445545608265,1.0652224627223783,1.0594207383984944,1.0631064958280276,2819
2026-05-19 16:06:50.687413,1.0619015955963576,1.0633837148240046,1.060405798389391,1.0604853591949368,5190
2026-05-19 17:06:50.687413,1.0625217183727547,1.0637528806354928,1.0618615144216026,1.0618615144216026,1851
2026-05-19 18:06:50.687413,1.0617419689518561,1.0626057926803054,1.0579573439965007,1.0619343495932207,2215
2026-05-19 19:06:50.687413,1.0606277071233423,1.0632150902773423,1.0586331864948748,1.0603326519636023,4710
2026-05-19 20:06:50.687413,1.059270405801289,1.0594819910397881,1.0542465115096147,1.0578319002806782,4799
2026-05-19 21:06:50.687413,1.0607782379704966,1.0630049439783793,1.0593388662238552,1.0593862351725096,1564
2026-05-19 22:06:50.687413,1.0593685632072627,1.0623442059654853,1.0572481267194838,1.0603030273803098,1020
2026-05-19 23:06:50.687413,1.0593185598704822,1.0610734996305435,1.0568292917310773,1.0586568653669148,3777
2026-05-20 00:06:50.687413,1.0579502721605831,1.0589768087828342,1.0572693708339362,1.0580157272063726,6656
2026-05-20 01:06:50.687413,1.0583327227355628,1.0589983558944025,1.0573472313241967,1.0582449613636429,9245
2026-05-20 02:06:50.687413,1.0595553484668832,1.061135968583809,1.058126306277345,1.058126306277345,8355
2026-05-20 03:06:50.687413,1.0607702741302814,1.0626439733062092,1.0603499075180751,1.0603499075180751,5000
2026-05-20 04:06:50.687413,1.0627150425399516,1.0668929641149478,1.061622476542152,1.061622476542152,108
2026-05-20 05:06:50.687413,1.0635479587181051,1.064804660239028,1.0623458316478724,1.0638668757101852,391
2026-05-20 06:06:50.687413,1.0615631371480647,1.0637311775159917,1.0580182955751807,1.0637311775159917,4583
2026-05-20 07:06:50.687413,1.0614251892083537,1.0629080870351104,1.060543089795538,1.062426346293909,5268
2026-05-20 08:06:50.687413,1.060603577248136,1.062178269848578,1.060410807765526,1.060410807765526,6704
2026-05-20 09:06:50.687413,1.0621588579295058,1.0642425249247298,1.0605515412505464,1.061682460647502,9466
2026-05-20 10:06:50.687413,1.0621517547492605,1.062242619147281,1.0588356569562243,1.060182365829378,7084
2026-05-20 11:06:50.687413,1.061708133448094,1.06250577537201,1.0579214949049514,1.0605997074246583,7973
2026-05-20 12:06:50.687413,1.0617732458250797,1.0656212523552198,1.0613683612988487,1.0615134371046087,4188
2026-05-20 13:06:50.687413,1.0635913736091622,1.0668767110999817,1.0623386719441594,1.0636957495030657,4072
2026-05-20 14:06:50.687413,1.0643161515701856,1.064889858696367,1.0624953876655816,1.0645866549291918,622
2026-05-20 15:06:50.687413,1.065638018333126,1.067083377914165,1.064655473626853,1.065155153507575,6396
2026-05-20 16:06:50.687413,1.066406691470945,1.0676758511453752,1.0635733130875438,1.0652611058530044,7563
2026-05-20 17:06:50.687413,1.0654788510449391,1.069192329844656,1.0626495345711389,1.0641319950506585,5182
2026-05-20 18:06:50.687413,1.0645515345840444,1.0658293664703287,1.0635118595203303,1.0635118595203303,7192
2026-05-20 19:06:50.687413,1.0634132881554113,1.0638074630583807,1.0623959185378153,1.062613350573079,3119
2026-05-20 20:06:50.687413,1.0638106133975027,1.066563162002933,1.0617712262941794,1.0631550517172654,8068
2026-05-20 21:06:50.687413,1.0628813212385078,1.0683188190322224,1.0623286701978234,1.0623286701978234,4805
2026-05-20 22:06:50.687413,1.0616377353193835,1.0625226520659286,1.0566325593373855,1.0625226520659286,4768
2026-05-20 23:06:50.687413,1.0608255546825387,1.0623284579799759,1.0590286862169604,1.0620675846854908,907
2026-05-21 00:06:50.687413,1.0620285922038717,1.0638639455509402,1.0598387789470682,1.0606923846132135,1627
2026-05-21 01:06:50.687413,1.0610004044390968,1.0613393283157109,1.059738161476911,1.0598691900095563,2544
2026-05-21 02:06:50.687413,1.0607600431179547,1.0611769178210189,1.0597621999308804,1.0611769178210189,1786
2026-05-21 03:06:50.687413,1.0609474517108626,1.06395367815704,1.0604116452262544,1.0604116452262544,6627
2026-05-21 04:06:50.687413,1.0604447883800932,1.0647292717293537,1.0598869257274948,1.0615748139464454,9229
2026-05-21 05:06:50.687413,1.0608727127792696,1.0614876235937414,1.0602387289407205,1.0602387289407205,7080
2026-05-21 06:06:50.687413,1.06027877958813,1.061140078884521,1.05623399783284,1.060931218325395,656
2026-05-21 07:06:50.687413,1.0589178236238652,1.0612370504131408,1.0572347032678278,1.058915465476989,3358
2026-05-21 08:06:50.687413,1.0589810624580325,1.0629890548897099,1.0555591241804798,1.059176169136739,1149
2026-05-21 09:06:50.687413,1.0582330009904217,1.0616883567574396,1.0581162213357944,1.0599084509749896,1990
2026-05-21 10:06:50.687413,1.0586394174001048,1.0595711440106712,1.0572566355203734,1.0589555161322814,7263
2026-05-21 11:06:50.687413,1.0562315121743633,1.0581142927655414,1.0516998087185527,1.055557621681245,2110
2026-05-21 12:06:50.687413,1.0551831107016296,1.0597069540255013,1.053739974268668,1.053739974268668,7445
2026-05-21 13:06:50.687413,1.0551420870165038,1.0559142801132777,1.0538929071434842,1.0553928383261657,9992
2026-05-21 14:06:50.687413,1.0547774635550462,1.054814128817115,1.0544377713309574,1.0544377713309574,8455
2026-05-21 15:06:50.687413,1.056390108711218,1.057057102961994,1.0548637301804948,1.0566207997894017,3402
2026-05-21 16:06:50.687413,1.056663300379181,1.0578737689670434,1.0553175391300038,1.0553175391300038,2271
2026-05-21 17:06:50.687413,1.0575694949591543,1.0576038127770255,1.0535065453449033,1.0564438282621447,619
2026-05-21 18:06:50.687413,1.0566110267398265,1.0586095016098918,1.0565621846404167,1.0577957326779035,931
2026-05-21 19:06:50.687413,1.0574604799256186,1.0601924529345559,1.056124576314795,1.0575892253565433,2720
2026-05-21 20:06:50.687413,1.055679527494617,1.0565789492055362,1.0543724220612922,1.0543724220612922,6505
2026-05-21 21:06:50.687413,1.0541985865101122,1.056336333613408,1.049685933309443,1.0536450750174549,8145
2026-05-21 22:06:50.687413,1.0562338686312376,1.0578339583326206,1.0557423211524275,1.0576051181190675,9281
2026-05-21 23:06:50.687413,1.0567733607305405,1.0592392447295313,1.0558726711834887,1.057920655136868,3345
2026-05-22 00:06:50.687413,1.0573196449593958,1.0597211985024042,1.0559300402502951,1.0597211985024042,7531
2026-05-22 01:06:50.687413,1.0588729408586544,1.0599956129830264,1.0568517329915803,1.0568517329915803,5111
2026-05-22 02:06:50.687413,1.0590995119218696,1.0605147758058238,1.0575278833103572,1.058626408608675,6624
2026-05-22 03:06:50.687413,1.0580619944093734,1.0619792464946434,1.057911258953728,1.0582735067132596,3449
2026-05-22 04:06:50.687413,1.0601509609308166,1.0609970932138475,1.0580544599362312,1.0597280934191893,4034
2026-05-22 05:06:50.687413,1.059949309184205,1.0649080172064722,1.0584014581897774,1.0584014581897774,7844
2026-05-22 06:06:50.687413,1.0605453028782459,1.06249394565824,1.0585961553501362,1.0613223796147646,8161
2026-05-22 07:06:50.687413,1.0615754890140239,1.0653536329956623,1.0599221386756248,1.0599221386756248,4147
2026-05-22 08:06:50.687413,1.0612694669440232,1.062963312694485,1.0596195662408099,1.0596195662408099,1805
2026-05-22 09:06:50.687413,1.0628743713576634,1.0636768086333381,1.0601214894049644,1.0611575519017826,7193
2026-05-22 10:06:50.687413,1.063458568598297,1.0655315272377501,1.060936131445656,1.0631207870306165,8357
2026-05-22 11:06:50.687413,1.0620184504477295,1.0650026112683133,1.0595584937627966,1.0614704820786347,7978
2026-05-22 12:06:50.687413,1.0610973150643448,1.0634909088933497,1.0596250232771598,1.0600183684703388,1025
2026-05-22 13:06:50.687413,1.0611764915048467,1.0621916362819386,1.0602323122003645,1.0602323122003645,142
2026-05-22 14:06:50.687413,1.0593282492249156,1.059818540004695,1.0570825453454475,1.059818540004695,6732
2026-05-22 15:06:50.687413,1.061126896392864,1.0616464675708996,1.0600755625915446,1.0608870821342926,5240
2026-05-22 16:06:50.687413,1.0638015483309198,1.0647141812943806,1.0618059514424798,1.0647141812943806,9602
2026-05-22 17:06:50.687413,1.0641546373456305,1.0659419833316188,1.0627982553050845,1.0658278407755943,5435
2026-05-22 18:06:50.687413,1.0644147777684536,1.0653657609355163,1.0622647272086327,1.0653657609355163,1836
2026-05-22 19:06:50.687413,1.0658787236463123,1.0668858479565237,1.061107566629197,1.0654525391980132,1686
2026-05-22 20:06:50.687413,1.0674231194345296,1.0680967151679754,1.0657008588740313,1.0676384144972402,4438
2026-05-22 21:06:50.687413,1.068164476276829,1.0693090325278636,1.06731297590976,1.0693090325278636,6676
2026-05-22 22:06:50.687413,1.0675274449638175,1.0689376799569548,1.0669487636156958,1.0669487636156958,4599
2026-05-22 23:06:50.687413,1.065911816042125,1.067071468505307,1.0650140757360473,1.0650140757360473,2109
2026-05-23 00:06:50.687413,1.0671614900893074,1.0683684774227764,1.0633910895684362,1.0663254352750542,9582
2026-05-23 01:06:50.687413,1.0671011037815883,1.071721206847934,1.0669121343116215,1.067058295570443,2092
2026-05-23 02:06:50.687413,1.0682944556055538,1.0696323290207048,1.0670246097617289,1.0683750552885858,180
2026-05-23 03:06:50.687413,1.0695954685403388,1.071232563078539,1.0669152820749481,1.071232563078539,4769
2026-05-23 04:06:50.687413,1.0700211144803564,1.0708595267658438,1.0657201581643416,1.069769407382135,5741
2026-05-23 05:06:50.687413,1.0697089793231558,1.0720811931674954,1.0668350108406346,1.0692646339050065,388
2026-05-23 06:06:50.687413,1.0702725079079074,1.0748489894198066,1.0698406486014442,1.0713063456777776,7364
2026-05-23 07:06:50.687413,1.0710437937838315,1.0722752985073007,1.0681402024631892,1.070411639435709,4282
2026-05-23 08:06:50.687413,1.072184429963,1.0734987839373684,1.0715128661402162,1.0715128661402162,891
2026-05-23 09:06:50.687413,1.0720029760133885,1.0726779587345574,1.0697220183526808,1.0725677464618149,522
2026-05-23 10:06:50.687413,1.073274212079888,1.073913193944166,1.0695852030496362,1.073063590366951,4218
2026-05-23 11:06:50.687413,1.0733807148927206,1.0742423311794453,1.0699319652759491,1.0742423311794453,8860
2026-05-23 12:06:50.687413,1.0730700020054362,1.0750060938099204,1.0724651454039276,1.0724651454039276,3038
2026-05-23 13:06:50.687413,1.0714229392109302,1.0757559998193995,1.0694607681727593,1.0715462258629083,8490
2026-05-23 14:06:50.687413,1.06963220014549,1.0721090630795247,1.067549515328856,1.0697173105874849,5933
2026-05-23 15:06:50.687413,1.0685644953938631,1.0725611527378554,1.0677082312826216,1.0679515379103084,4031
2026-05-23 16:06:50.687413,1.0684837206492042,1.0703267228863964,1.0678588533533415,1.0688359914167822,8041
2026-05-23 17:06:50.687413,1.068519905403273,1.0707629726256342,1.0660667036252387,1.0683844976326144,984
2026-05-23 18:06:50.687413,1.0689874450264296,1.0700735961361059,1.068483992002035,1.068483992002035,5837
2026-05-23 19:06:50.687413,1.069702992654455,1.0706945822671412,1.0693284164781214,1.0704833631140254,9458
2026-05-23 20:06:50.687413,1.0701768592270988,1.0709682316292646,1.0662578159626706,1.0709682316292646,2133
2026-05-23 21:06:50.687413,1.0699869258213226,1.072009813171186,1.069046201075963,1.069046201075963,7948
2026-05-23 22:06:50.687413,1.0708736979226512,1.0713963851578752,1.0673178579241551,1.0713963851578752,3116
2026-05-23 23:06:50.687413,1.0697319255792912,1.070303126863559,1.0675021584441589,1.0702162972399585,5137
2026-05-24 00:06:50.687413,1.070151403573071,1.0711418978202387,1.0689455598269255,1.069693121613931,1335
2026-05-24 01:06:50.687413,1.0696998643450908,1.071086075267216,1.068403716193687,1.0686295280999425,3578
2026-05-24 02:06:50.687413,1.0700684520959438,1.0729028205380646,1.0686054784708532,1.0686054784708532,3808
2026-05-24 03:06:50.687413,1.0714755980037576,1.072282433455252,1.0701994422304866,1.0701994422304866,5901
2026-05-24 04:06:50.687413,1.0716676412807797,1.0757551712764908,1.0708212248464706,1.0714130379927054,5553
2026-05-24 05:06:50.687413,1.0726680737726937,1.077781427450112,1.071678192923158,1.0723683374886157,5942
2026-05-24 06:06:50.687413,1.070415010742972,1.0735209904028187,1.0682810644325949,1.0698045437388335,4418
2026-05-24 07:06:50.687413,1.070644997461292,1.0711926748943477,1.0695298498562722,1.0699766794115295,1597
2026-05-24 08:06:50.687413,1.0689110981918777,1.0696841797433687,1.06751373434296,1.06751373434296,7578
2026-05-24 09:06:50.687413,1.0685609086101124,1.0710796308734647,1.0683776203467634,1.0710796308734647,9570
2026-05-24 10:06:50.687413,1.0677117539068273,1.0682011039743087,1.0643992293900575,1.0672299750098524,6531
2026-05-24 11:06:50.687413,1.0677227348761633,1.0713092921493794,1.0673258551110625,1.0673258551110625,1588
2026-05-24 12:06:50.687413,1.0657662893699915,1.0661568953583844,1.0635868311006433,1.0658549360590377,3960
2026-05-24 13:06:50.687413,1.065563879544076,1.0674468644835888,1.0636506215213413,1.0636506215213413,5968
2026-05-24 14:06:50.687413,1.0651248997750955,1.0665682373241603,1.0626693301633245,1.0653100114739635,5336
2026-05-24 15:06:50.687413,1.0661516260664436,1.0685998188051282,1.064908231419159,1.0677907754002165,9481
2026-05-24 16:06:50.687413,1.0660354973710668,1.067865023249933,1.0652139119507014,1.0666531757006632,1572
2026-05-24 17:06:50.687413,1.0662263791342446,1.0680594973417334,1.0619267485808235,1.0668841706225516,5647
2026-05-24 18:06:50.687413,1.0652611618393915,1.066230857241821,1.0621210456620238,1.066230857241821,4525
2026-05-24 19:06:50.687413,1.0643433220822975,1.0668970646923805,1.064105016839579,1.0668970646923805,3679
2026-05-24 20:06:50.687413,1.0637260632847536,1.0668303286222505,1.0608712260737239,1.0638324513894295,977
2026-05-24 21:06:50.687413,1.063078046501624,1.0636194203570113,1.0591245089264543,1.0622619187218114,5557
2026-05-24 22:06:50.687413,1.0651563835585987,1.065812181813719,1.0618039739035434,1.0649079612363217,4603
2026-05-24 23:06:50.687413,1.065805296081517,1.0665901959832684,1.0645991317458796,1.0657167064079696,9519
2026-05-25 00:06:50.687413,1.065714037694145,1.0670983952182131,1.064376209890619,1.0660768510999117,4064
2026-05-25 01:06:50.687413,1.0645939508713098,1.0666749549835994,1.0638154871395453,1.0656409596094403,9507
2026-05-25 02:06:50.687413,1.0630367182584177,1.0685640668844003,1.0627548854544386,1.0639497908222404,9411
2026-05-25 03:06:50.687413,1.0612007603730698,1.0615435840911511,1.0599403301392452,1.0615435840911511,5137
2026-05-25 04:06:50.687413,1.0624381974075623,1.0631199012482835,1.0615868476484294,1.0622500246790858,3249
2026-05-25 05:06:50.687413,1.061924381317894,1.063769575787724,1.0615505201892232,1.0615505201892232,9416
2026-05-25 06:06:50.687413,1.0614231510976802,1.062062002242878,1.057764254235494,1.062062002242878,9166
2026-05-25 07:06:50.687413,1.0611740061458361,1.0614194809972186,1.0600515049500405,1.0609479957121977,8321
2026-05-25 08:06:50.687413,1.0607705100223652,1.061120149676936,1.0601432811598894,1.0601432811598894,9850
2026-05-25 09:06:50.687413,1.0592611394320868,1.0615167784591082,1.0561757444194595,1.0608319320709205,7527
2026-05-25 10:06:50.687413,1.062052992932109,1.0634831832755491,1.0602786852278288,1.060349921637701,916
2026-05-25 11:06:50.687413,1.0615174536257475,1.0620715500347255,1.0599396692770071,1.0611811724546498,3995
2026-05-25 12:06:50.687413,1.0624165711501607,1.0645818340191102,1.0620365720395701,1.0645818340191102,400
2026-05-25 13:06:50.687413,1.0625422108527491,1.0637264985845492,1.0590618006442525,1.06345962578577,1352
2026-05-25 14:06:50.687413,1.061855176887102,1.063912078276412,1.0615068037952473,1.0618651153254306,8587
2026-05-25 15:06:50.687413,1.0615952677118827,1.063465291111815,1.0601468776341698,1.063465291111815,8984
2026-05-25 16:06:50.687413,1.0615709409271212,1.0625637865186501,1.0599361785652193,1.0621339828410006,6824
2026-05-25 17:06:50.687413,1.0621995666325665,1.0625995154971055,1.0581705669989911,1.0625525368674347,5134
2026-05-25 18:06:50.687413,1.0617715922540927,1.0673591499114554,1.0608468351453342,1.061422622500347,4502
2026-05-25 19:06:50.687413,1.060332724104559,1.0620224926802782,1.0591349867898312,1.0591349867898312,2151
2026-05-25 20:06:50.687413,1.0608972638682106,1.0629131983975992,1.0579456823322713,1.0629131983975992,8975
2026-05-25 21:06:50.687413,1.060502958818286,1.0620452113718284,1.0591232970840208,1.0603421987263213,5183
2026-05-25 22:06:50.687413,1.059883009275884,1.0599940336406743,1.0586140133541995,1.0597186927532531,1163
2026-05-25 23:06:50.687413,1.0603920504635516,1.0607257186999361,1.058820297943908,1.058820297943908,3659
2026-05-26 00:06:50.687413,1.0606456585846904,1.0629135678957302,1.05880045023638,1.0607380889246274,2037
2026-05-26 01:06:50.687413,1.059822505509537,1.0599942113101777,1.056839745524117,1.0585328651869756,7025
2026-05-26 02:06:50.687413,1.0578586680248747,1.058506366907785,1.0577259959641232,1.058506366907785,8982
2026-05-26 03:06:50.687413,1.05728865912045,1.058593630013256,1.0552006089055808,1.0575512590600584,104
2026-05-26 04:06:50.687413,1.0573947882751829,1.058540536375477,1.0557650994133656,1.058540536375477,1852
2026-05-26 05:06:50.687413,1.0568071799454168,1.058282605835072,1.0561113118520271,1.0561113118520271,1527
2026-05-26 06:06:50.687413,1.057506851699399,1.0580477563868855,1.05322928094034,1.0576282908234071,5337
2026-05-26 07:06:50.687413,1.0562965062277219,1.0575420084200449,1.0550345774959125,1.0565235129584025,5621
2026-05-26 08:06:50.687413,1.0544999727319821,1.0551976677988681,1.0538268888878881,1.0551976677988681,8211
2026-05-26 09:06:50.687413,1.0553432707572779,1.0557924864545767,1.0526761091265604,1.0554961344883698,3858
2026-05-26 10:06:50.687413,1.0552257487423173,1.057181577345083,1.052115619874882,1.0523350221839858,6038
2026-05-26 11:06:50.687413,1.055927829291541,1.0566498116826306,1.0549001360979655,1.0566498116826306,7076
2026-05-26 12:06:50.687413,1.0561316676570223,1.0578620471995666,1.052634178243847,1.0561306349202717,737
2026-05-26 13:06:50.687413,1.0577711181021212,1.059194602684538,1.0574957447513804,1.059194602684538,2841
2026-05-26 14:06:50.687413,1.0568988396264791,1.058372744002062,1.0532444198527637,1.05671951943894,7050
2026-05-26 15:06:50.687413,1.057456181594116,1.0603408390297695,1.0544556711104303,1.058198640723372,7967
2026-05-26 16:06:50.687413,1.0567929179856368,1.0589808170836683,1.0561521498192483,1.0589808170836683,1205
2026-05-26 17:06:50.687413,1.0569352776656296,1.0574196796240167,1.055417937679009,1.057337022214522,1942
2026-05-26 18:06:50.687413,1.056241295620772,1.0570391485165151,1.0557084818955267,1.0566475349810485,6357
2026-05-26 19:06:50.687413,1.0568650604064873,1.057015852497691,1.056211772232949,1.0567605796619157,6901
2026-05-26 20:06:50.687413,1.0566396980532209,1.056714112176154,1.0519314007327178,1.0563103804441463,9941
2026-05-26 21:06:50.687413,1.0573829215774337,1.0582043230209448,1.0567605446487471,1.0567605446487471,8317
2026-05-26 22:06:50.687413,1.0565165098940998,1.0584790152834567,1.054683279879342,1.0565522824682478,4951
2026-05-26 23:06:50.687413,1.0563950697090319,1.0601918063004996,1.0544180593525427,1.0559598607801672,115
2026-05-27 00:06:50.687413,1.0562466894407316,1.057668445826865,1.0546111378620844,1.0546111378620844,5912
2026-05-27 01:06:50.687413,1.0578116247228604,1.0583170782960367,1.0563845064761324,1.0575477745952668,5250
2026-05-27 02:06:50.687413,1.0581851351393086,1.061158943667907,1.0572153620070182,1.0585679441466067,8588
2026-05-27 03:06:50.687413,1.0562027565303043,1.0568833850362411,1.0552978564072304,1.0568833850362411,1765
2026-05-27 04:06:50.687413,1.0554968124855166,1.0566260831148333,1.0553483900599876,1.0566260831148333,2954
2026-05-27 05:06:50.687413,1.0565068055395996,1.0577597350931867,1.053848775548689,1.055258353850536,4937
2026-05-27 06:06:50.687413,1.056579450252509,1.0568561275133077,1.0557514689251257,1.0566840084112592,3923
2026-05-27 07:06:50.687413,1.0573251697274735,1.059538205426744,1.056738299749287,1.0584209645455436,681
2026-05-27 08:06:50.687413,1.0555238790375212,1.056592981672787,1.0554337535284657,1.056592981672787,3772
2026-05-27 09:06:50.687413,1.0565853528023685,1.0601254250287784,1.055531924792514,1.0572279293673519,9122
2026-05-27 10:06:50.687413,1.055793861274144,1.056531578072125,1.054888821911403,1.0558739598128688,105
2026-05-27 11:06:50.687413,1.0551119150959782,1.0571557705290675,1.0527860985073425,1.0544312665580993,6713
2026-05-27 12:06:50.687413,1.0551567741509238,1.056552399579228,1.053005643985278,1.0560309913353079,7094
2026-05-27 13:06:50.687413,1.0548593523112875,1.0558046859756254,1.0537407936230865,1.0551815482885791,3718
2026-05-27 14:06:50.687413,1.0535866655561505,1.0553827806367266,1.0520248489439354,1.0527261521841516,6877
2026-05-27 15:06:50.687413,1.054632875354413,1.058349953629139,1.0531836651681372,1.0531836651681372,644
2026-05-27 16:06:50.687413,1.055807048389724,1.0569379402857755,1.0552404854806166,1.0554049419708105,6173
2026-05-27 17:06:50.687413,1.0553428925038977,1.056644809367798,1.0545267417608133,1.056644809367798,4843
2026-05-27 18:06:50.687413,1.0558668071387036,1.057711551013519,1.05304089200133,1.0558749930255473,8543
2026-05-27 19:06:50.687413,1.0567849592593017,1.057928282061932,1.054393348131061,1.057928282061932,2848
2026-05-27 20:06:50.687413,1.0564677057946594,1.059460851341499,1.05538022217838,1.055786995466829,4287
2026-05-27 21:06:50.687413,1.0575723827720758,1.0584826977503279,1.0564196530357999,1.0573014317000649,1843
2026-05-27 22:06:50.687413,1.0589278356215968,1.0594385112732407,1.0550113570156554,1.0550113570156554,7019
2026-05-27 23:06:50.687413,1.0584808973334436,1.0589788579998936,1.0570654140104814,1.0588687255413438,110
2026-05-28 00:06:50.687413,1.057051840270202,1.0604550607636325,1.0548887571031935,1.0592655201123633,5335
2026-05-28 01:06:50.687413,1.056138009829215,1.0567745273342295,1.0542116594653992,1.0557312389065756,2575
2026-05-28 02:06:50.687413,1.055035005247793,1.0567282152165842,1.0544834529717935,1.0559590645092085,2945
2026-05-28 03:06:50.687413,1.057242818721381,1.0597792420938148,1.0561713902471643,1.0571179750814013,4666
2026-05-28 04:06:50.687413,1.0586664904988947,1.0615856375793118,1.0557962656341846,1.0557962656341846,9958
2026-05-28 05:06:50.687413,1.0589942767725342,1.059752868253018,1.0571681960878254,1.0590598114516023,3276
2026-05-28 06:06:50.687413,1.0562115453888583,1.0591195161314035,1.0558706163682927,1.0571063521064092,3310
2026-05-28 07:06:50.687413,1.0557490653993222,1.0564814383175483,1.0489141977453444,1.0555758752966575,7568
2026-05-28 08:06:50.687413,1.0554607159714873,1.0605116868667843,1.0551922033609051,1.0562188631432983,3210
2026-05-28 09:06:50.687413,1.053590997593021,1.055720179334231,1.050481527176028,1.054315194104345,7170
2026-05-28 10:06:50.687413,1.0520993323364933,1.0527450558003684,1.0479422720381586,1.0506346484698073,647
2026-05-28 11:06:50.687413,1.05307610357554,1.055090447534762,1.0522583971756088,1.0530790657211766,7010
2026-05-28 12:06:50.687413,1.0547037342685923,1.0548709672175727,1.0538471220693408,1.0545804334079003,3082
2026-05-28 13:06:50.687413,1.055025238048122,1.0595305121801744,1.0545823726488945,1.0555518512886877,511
2026-05-28 14:06:50.687413,1.0573528003907522,1.0577889427163902,1.0554734073179701,1.0554734073179701,2858
2026-05-28 15:06:50.687413,1.0577858793137425,1.0582705627327487,1.055524463509273,1.0582705627327487,1515
2026-05-28 16:06:50.687413,1.0575316623763655,1.0591847161595003,1.0574115077080883,1.0582304740860289,4485
2026-05-28 17:06:50.687413,1.05819233795725,1.0603246874668988,1.055803217044047,1.059156607490304,7889
2026-05-28 18:06:50.687413,1.057318487257258,1.0602704366283553,1.0567209273044822,1.0568312761347012,1921
2026-05-28 19:06:50.687413,1.0569785485254628,1.0575727065980332,1.0556673191964074,1.0575727065980332,986
2026-05-28 20:06:50.687413,1.0588782933249035,1.0642685702659884,1.057933389682988,1.057933389682988,9350
2026-05-28 21:06:50.687413,1.059546281908425,1.0627637030025978,1.058401158523714,1.060715212542899,3168
2026-05-28 22:06:50.687413,1.0593458841283057,1.0613605298082511,1.0590510935620845,1.060509845196324,2644
2026-05-28 23:06:50.687413,1.0595767122538047,1.065280600177184,1.0586420502598932,1.0586420502598932,6297
2026-05-29 00:06:50.687413,1.0594710176429403,1.0621279486455122,1.0582485514838995,1.059074446257536,9317
2026-05-29 01:06:50.687413,1.058404749210626,1.0586576821574558,1.0583514271038155,1.0584394307211018,4956
2026-05-29 02:06:50.687413,1.060698174873012,1.0617232047163803,1.0600963388376305,1.0609822018384638,4179
2026-05-29 03:06:50.687413,1.0615704624766815,1.061951618705787,1.0595610092315575,1.061895210397747,7309
2026-05-29 04:06:50.687413,1.061477767691867,1.06161348773678,1.059870141997118,1.0614500879479591,6543
2026-05-29 05:06:50.687413,1.0603240218476362,1.062045027898256,1.0572044301229155,1.0610548796843715,7225
2026-05-29 06:06:50.687413,1.062247074766049,1.0656380241312613,1.0602154773468622,1.0656380241312613,7607
2026-05-29 07:06:50.687413,1.0607671608137514,1.0621885171681125,1.058137193117025,1.0601807877015517,511
2026-05-29 08:06:50.687413,1.0594485978294548,1.0608085797847011,1.0553715335790799,1.0608085797847011,2207
2026-05-29 09:06:50.687413,1.061068803205565,1.0625947378863618,1.0605784178853532,1.0625947378863618,2115
2026-05-29 10:06:50.687413,1.062169141871928,1.0643741605959252,1.060296655808434,1.0621401600240248,3108
2026-05-29 11:06:50.687413,1.0606754322739504,1.0619387404963954,1.0599270884158285,1.0599270884158285,1425
2026-05-29 12:06:50.687413,1.0590995704390156,1.06163159107642,1.0585465853437874,1.0590462793853084,4368
2026-05-29 13:06:50.687413,1.0584531853357009,1.0609250784335622,1.0547181839029207,1.0575023319238717,9881
2026-05-29 14:06:50.687413,1.0584591106879322,1.0604525361596107,1.0531318597564119,1.0590459336695948,6680
2026-05-29 15:06:50.687413,1.0583603345007089,1.0598651671916652,1.0570352819719608,1.0570352819719608,871
2026-05-29 16:06:50.687413,1.0604382605953964,1.0631278848402201,1.0585851379770626,1.062658117153422,1446
2026-05-29 17:06:50.687413,1.0604935643696232,1.0615100635690828,1.0586919653962328,1.0596800887890596,7952
2026-05-29 18:06:50.687413,1.0603715549497372,1.0614268830398295,1.0556456937660545,1.0592702480428289,4801
2026-05-29 19:06:50.687413,1.060575684072168,1.0629530185798766,1.0562848217062035,1.0628218705728294,6187
2026-05-29 20:06:50.687413,1.0595914899578458,1.0635970083107154,1.058494856761084,1.059456761295648,5291
2026-05-29 21:06:50.687413,1.058748684463648,1.0600910813382476,1.0578199914041047,1.05833744043793,9387
2026-05-29 22:06:50.687413,1.0614541411863352,1.0615149937700732,1.0571135363823312,1.059804633568621,7810
2026-05-29 23:06:50.687413,1.0605306674906563,1.0614768692990288,1.0582978351878969,1.0597675796619417,2960
2026-05-30 00:06:50.687413,1.060344715367088,1.0641282551001061,1.0600785063684561,1.06199393851043,362
2026-05-30 01:06:50.687413,1.059944690722285,1.068609632164755,1.055626840541366,1.0595722856334526,8659
2026-05-30 02:06:50.687413,1.0589216170124844,1.0607764678809095,1.0561169012797713,1.0583803764345614,5537
